[2025-07-16T12:43:11.166Z] Executing (default): SELECT 1+1 AS result
[2025-07-16T12:43:11.171Z] Подключение к PostgreSQL успешно установлено
[2025-07-16T12:43:11.175Z] Executing (default): SELECT table_name FROM information_schema.tables WHERE table_schema = 'public' AND table_name = 'Warns'
[2025-07-16T12:43:11.305Z] Executing (default): CREATE TABLE IF NOT EXISTS "Warns" ("id"  SERIAL , "userId" VARCHAR(255) NOT NULL, "moderatorId" VARCHAR(255) NOT NULL, "reason" TEXT DEFAULT 'Не указана', "guildId" VARCHAR(255) NOT NULL, "createdAt" TIMESTAMP WITH TIME ZONE NOT NULL, PRIMARY KEY ("id"));
[2025-07-16T12:43:11.607Z] Executing (default): SELECT i.relname AS name, ix.indisprimary AS primary, ix.indisunique AS unique, ix.indkey AS indkey, array_agg(a.attnum) as column_indexes, array_agg(a.attname) AS column_names, pg_get_indexdef(ix.indexrelid) AS definition FROM pg_class t, pg_class i, pg_index ix, pg_attribute a WHERE t.oid = ix.indrelid AND i.oid = ix.indexrelid AND a.attrelid = t.oid AND t.relkind = 'r' and t.relname = 'Warns' GROUP BY i.relname, ix.indexrelid, ix.indisprimary, ix.indisunique, ix.indkey ORDER BY i.relname;
[2025-07-16T12:53:47.904Z] Executing (default): SELECT 1+1 AS result
[2025-07-16T12:53:47.907Z] Подключение к PostgreSQL успешно установлено
[2025-07-16T12:53:47.910Z] Executing (default): SELECT table_name FROM information_schema.tables WHERE table_schema = 'public' AND table_name = 'Warns'
[2025-07-16T12:53:47.938Z] Executing (default): SELECT pk.constraint_type as "Constraint",c.column_name as "Field", c.column_default as "Default",c.is_nullable as "Null", (CASE WHEN c.udt_name = 'hstore' THEN c.udt_name ELSE c.data_type END) || (CASE WHEN c.character_maximum_length IS NOT NULL THEN '(' || c.character_maximum_length || ')' ELSE '' END) as "Type", (SELECT array_agg(e.enumlabel) FROM pg_catalog.pg_type t JOIN pg_catalog.pg_enum e ON t.oid=e.enumtypid WHERE t.typname=c.udt_name) AS "special", (SELECT pgd.description FROM pg_catalog.pg_statio_all_tables AS st INNER JOIN pg_catalog.pg_description pgd on (pgd.objoid=st.relid) WHERE c.ordinal_position=pgd.objsubid AND c.table_name=st.relname) AS "Comment" FROM information_schema.columns c LEFT JOIN (SELECT tc.table_schema, tc.table_name, cu.column_name, tc.constraint_type FROM information_schema.TABLE_CONSTRAINTS tc JOIN information_schema.KEY_COLUMN_USAGE  cu ON tc.table_schema=cu.table_schema and tc.table_name=cu.table_name and tc.constraint_name=cu.constraint_name and tc.constraint_type='PRIMARY KEY') pk ON pk.table_schema=c.table_schema AND pk.table_name=c.table_name AND pk.column_name=c.column_name WHERE c.table_name = 'Warns' AND c.table_schema = 'public'
[2025-07-16T12:53:48.075Z] Executing (default): SELECT DISTINCT tc.constraint_name as constraint_name, tc.constraint_schema as constraint_schema, tc.constraint_catalog as constraint_catalog, tc.table_name as table_name,tc.table_schema as table_schema,tc.table_catalog as table_catalog,tc.initially_deferred as initially_deferred,tc.is_deferrable as is_deferrable,kcu.column_name as column_name,ccu.table_schema  AS referenced_table_schema,ccu.table_catalog  AS referenced_table_catalog,ccu.table_name  AS referenced_table_name,ccu.column_name AS referenced_column_name FROM information_schema.table_constraints AS tc JOIN information_schema.key_column_usage AS kcu ON tc.constraint_name = kcu.constraint_name JOIN information_schema.constraint_column_usage AS ccu ON ccu.constraint_name = tc.constraint_name WHERE constraint_type = 'FOREIGN KEY' AND tc.table_name = 'Warns' AND tc.table_catalog = 'lewisbot'
[2025-07-16T12:53:48.084Z] Executing (default): ALTER TABLE "Warns" ALTER COLUMN "userId" SET NOT NULL;ALTER TABLE "Warns" ALTER COLUMN "userId" DROP DEFAULT;ALTER TABLE "Warns" ALTER COLUMN "userId" TYPE VARCHAR(255);
[2025-07-16T12:53:48.095Z] Executing (default): ALTER TABLE "Warns" ALTER COLUMN "moderatorId" SET NOT NULL;ALTER TABLE "Warns" ALTER COLUMN "moderatorId" DROP DEFAULT;ALTER TABLE "Warns" ALTER COLUMN "moderatorId" TYPE VARCHAR(255);
[2025-07-16T12:53:48.099Z] Executing (default): ALTER TABLE "Warns" ALTER COLUMN "reason" DROP NOT NULL;ALTER TABLE "Warns" ALTER COLUMN "reason" SET DEFAULT 'Не указана';ALTER TABLE "Warns" ALTER COLUMN "reason" TYPE TEXT;
[2025-07-16T12:53:48.119Z] Executing (default): ALTER TABLE "Warns" ALTER COLUMN "guildId" SET NOT NULL;ALTER TABLE "Warns" ALTER COLUMN "guildId" DROP DEFAULT;ALTER TABLE "Warns" ALTER COLUMN "guildId" TYPE VARCHAR(255);
[2025-07-16T12:53:48.122Z] Executing (default): ALTER TABLE "Warns" ALTER COLUMN "createdAt" SET NOT NULL;ALTER TABLE "Warns" ALTER COLUMN "createdAt" DROP DEFAULT;ALTER TABLE "Warns" ALTER COLUMN "createdAt" TYPE TIMESTAMP WITH TIME ZONE;
[2025-07-16T12:53:48.125Z] Executing (default): SELECT i.relname AS name, ix.indisprimary AS primary, ix.indisunique AS unique, ix.indkey AS indkey, array_agg(a.attnum) as column_indexes, array_agg(a.attname) AS column_names, pg_get_indexdef(ix.indexrelid) AS definition FROM pg_class t, pg_class i, pg_index ix, pg_attribute a WHERE t.oid = ix.indrelid AND i.oid = ix.indexrelid AND a.attrelid = t.oid AND t.relkind = 'r' and t.relname = 'Warns' GROUP BY i.relname, ix.indexrelid, ix.indisprimary, ix.indisunique, ix.indkey ORDER BY i.relname;
[2025-07-16T12:55:05.602Z] Executing (default): SELECT 1+1 AS result
[2025-07-16T12:55:05.605Z] Executing (default): SELECT 1+1 AS result
[2025-07-16T12:55:05.606Z] Подключение к PostgreSQL успешно установлено
[2025-07-16T12:55:05.608Z] Executing (default): SELECT 1+1 AS result
[2025-07-16T12:55:05.608Z] Подключение к PostgreSQL успешно установлено
[2025-07-16T12:55:05.610Z] Executing (default): SELECT 1+1 AS result
[2025-07-16T12:55:30.794Z] Executing (default): SELECT 1+1 AS result
[2025-07-16T12:55:30.799Z] Executing (default): SELECT 1+1 AS result
[2025-07-16T12:55:30.799Z] Подключение к PostgreSQL успешно установлено
[2025-07-16T12:55:30.802Z] Executing (default): SELECT 1+1 AS result
[2025-07-16T12:55:30.802Z] Подключение к PostgreSQL успешно установлено
[2025-07-16T12:55:30.804Z] Executing (default): SELECT 1+1 AS result
[2025-07-16T12:55:30.870Z] Начинаю регистрацию slash-команд...
[2025-07-16T12:55:30.870Z] ERROR: Ошибка регистрации команд:
[2025-07-16T12:58:24.687Z] Завершение работы бота...
[2025-07-16T12:58:27.364Z] Executing (default): SELECT 1+1 AS result
[2025-07-16T12:58:27.369Z] Executing (default): SELECT 1+1 AS result
[2025-07-16T12:58:27.369Z] Подключение к PostgreSQL успешно установлено
[2025-07-16T12:58:27.372Z] Executing (default): SELECT 1+1 AS result
[2025-07-16T12:58:27.373Z] Подключение к PostgreSQL успешно установлено
[2025-07-16T12:58:27.375Z] Executing (default): SELECT 1+1 AS result
[2025-07-16T12:58:27.432Z] Начинаю регистрацию slash-команд...
[2025-07-16T12:58:27.436Z] ERROR: Ошибка регистрации команд:
[2025-07-16T12:58:31.353Z] Завершение работы бота...
[2025-07-16T13:01:48.876Z] Начинаю регистрацию slash-команд...
[2025-07-16T13:01:48.878Z] ERROR: Ошибка регистрации команд:
[2025-07-16T13:01:49.849Z] Executing (default): SELECT 1+1 AS result
[2025-07-16T13:01:49.850Z] Подключение к PostgreSQL успешно установлено
[2025-07-16T13:01:49.853Z] Executing (default): SELECT table_name FROM information_schema.tables WHERE table_schema = 'public' AND table_name = 'Warns'
[2025-07-16T13:01:49.861Z] Executing (default): SELECT pk.constraint_type as "Constraint",c.column_name as "Field", c.column_default as "Default",c.is_nullable as "Null", (CASE WHEN c.udt_name = 'hstore' THEN c.udt_name ELSE c.data_type END) || (CASE WHEN c.character_maximum_length IS NOT NULL THEN '(' || c.character_maximum_length || ')' ELSE '' END) as "Type", (SELECT array_agg(e.enumlabel) FROM pg_catalog.pg_type t JOIN pg_catalog.pg_enum e ON t.oid=e.enumtypid WHERE t.typname=c.udt_name) AS "special", (SELECT pgd.description FROM pg_catalog.pg_statio_all_tables AS st INNER JOIN pg_catalog.pg_description pgd on (pgd.objoid=st.relid) WHERE c.ordinal_position=pgd.objsubid AND c.table_name=st.relname) AS "Comment" FROM information_schema.columns c LEFT JOIN (SELECT tc.table_schema, tc.table_name, cu.column_name, tc.constraint_type FROM information_schema.TABLE_CONSTRAINTS tc JOIN information_schema.KEY_COLUMN_USAGE  cu ON tc.table_schema=cu.table_schema and tc.table_name=cu.table_name and tc.constraint_name=cu.constraint_name and tc.constraint_type='PRIMARY KEY') pk ON pk.table_schema=c.table_schema AND pk.table_name=c.table_name AND pk.column_name=c.column_name WHERE c.table_name = 'Warns' AND c.table_schema = 'public'
[2025-07-16T13:01:49.910Z] Executing (default): SELECT DISTINCT tc.constraint_name as constraint_name, tc.constraint_schema as constraint_schema, tc.constraint_catalog as constraint_catalog, tc.table_name as table_name,tc.table_schema as table_schema,tc.table_catalog as table_catalog,tc.initially_deferred as initially_deferred,tc.is_deferrable as is_deferrable,kcu.column_name as column_name,ccu.table_schema  AS referenced_table_schema,ccu.table_catalog  AS referenced_table_catalog,ccu.table_name  AS referenced_table_name,ccu.column_name AS referenced_column_name FROM information_schema.table_constraints AS tc JOIN information_schema.key_column_usage AS kcu ON tc.constraint_name = kcu.constraint_name JOIN information_schema.constraint_column_usage AS ccu ON ccu.constraint_name = tc.constraint_name WHERE constraint_type = 'FOREIGN KEY' AND tc.table_name = 'Warns' AND tc.table_catalog = 'lewisbot'
[2025-07-16T13:01:49.927Z] Executing (default): ALTER TABLE "Warns" ALTER COLUMN "userId" SET NOT NULL;ALTER TABLE "Warns" ALTER COLUMN "userId" DROP DEFAULT;ALTER TABLE "Warns" ALTER COLUMN "userId" TYPE VARCHAR(255);
[2025-07-16T13:01:49.935Z] Executing (default): ALTER TABLE "Warns" ALTER COLUMN "moderatorId" SET NOT NULL;ALTER TABLE "Warns" ALTER COLUMN "moderatorId" DROP DEFAULT;ALTER TABLE "Warns" ALTER COLUMN "moderatorId" TYPE VARCHAR(255);
[2025-07-16T13:01:49.938Z] Executing (default): ALTER TABLE "Warns" ALTER COLUMN "reason" DROP NOT NULL;ALTER TABLE "Warns" ALTER COLUMN "reason" SET DEFAULT 'Не указана';ALTER TABLE "Warns" ALTER COLUMN "reason" TYPE TEXT;
[2025-07-16T13:01:49.943Z] Executing (default): ALTER TABLE "Warns" ALTER COLUMN "guildId" SET NOT NULL;ALTER TABLE "Warns" ALTER COLUMN "guildId" DROP DEFAULT;ALTER TABLE "Warns" ALTER COLUMN "guildId" TYPE VARCHAR(255);
[2025-07-16T13:01:49.946Z] Executing (default): ALTER TABLE "Warns" ALTER COLUMN "createdAt" SET NOT NULL;ALTER TABLE "Warns" ALTER COLUMN "createdAt" DROP DEFAULT;ALTER TABLE "Warns" ALTER COLUMN "createdAt" TYPE TIMESTAMP WITH TIME ZONE;
[2025-07-16T13:01:49.953Z] Executing (default): SELECT i.relname AS name, ix.indisprimary AS primary, ix.indisunique AS unique, ix.indkey AS indkey, array_agg(a.attnum) as column_indexes, array_agg(a.attname) AS column_names, pg_get_indexdef(ix.indexrelid) AS definition FROM pg_class t, pg_class i, pg_index ix, pg_attribute a WHERE t.oid = ix.indrelid AND i.oid = ix.indexrelid AND a.attrelid = t.oid AND t.relkind = 'r' and t.relname = 'Warns' GROUP BY i.relname, ix.indexrelid, ix.indisprimary, ix.indisunique, ix.indkey ORDER BY i.relname;
[2025-07-16T13:03:30.834Z] Завершение работы бота...
[2025-07-16T13:22:07.974Z] LOG: Начинаю регистрацию команд... {}
[2025-07-16T13:22:08.539Z] LOG: Команды зарегистрированы для гильдии 1343586237868544052 {}
[2025-07-16T13:22:08.540Z] LOG: Успешно зарегистрировано 3 команд! {}
[2025-07-16T13:22:09.006Z] LOG: Executing (default): SELECT 1+1 AS result {}
[2025-07-16T13:22:09.008Z] LOG: Подключение к PostgreSQL успешно установлено {}
[2025-07-16T13:22:09.011Z] LOG: Executing (default): SELECT table_name FROM information_schema.tables WHERE table_schema = 'public' AND table_name = 'Warns' {}
[2025-07-16T13:22:09.024Z] LOG: Executing (default): SELECT pk.constraint_type as "Constraint",c.column_name as "Field", c.column_default as "Default",c.is_nullable as "Null", (CASE WHEN c.udt_name = 'hstore' THEN c.udt_name ELSE c.data_type END) || (CASE WHEN c.character_maximum_length IS NOT NULL THEN '(' || c.character_maximum_length || ')' ELSE '' END) as "Type", (SELECT array_agg(e.enumlabel) FROM pg_catalog.pg_type t JOIN pg_catalog.pg_enum e ON t.oid=e.enumtypid WHERE t.typname=c.udt_name) AS "special", (SELECT pgd.description FROM pg_catalog.pg_statio_all_tables AS st INNER JOIN pg_catalog.pg_description pgd on (pgd.objoid=st.relid) WHERE c.ordinal_position=pgd.objsubid AND c.table_name=st.relname) AS "Comment" FROM information_schema.columns c LEFT JOIN (SELECT tc.table_schema, tc.table_name, cu.column_name, tc.constraint_type FROM information_schema.TABLE_CONSTRAINTS tc JOIN information_schema.KEY_COLUMN_USAGE  cu ON tc.table_schema=cu.table_schema and tc.table_name=cu.table_name and tc.constraint_name=cu.constraint_name and tc.constraint_type='PRIMARY KEY') pk ON pk.table_schema=c.table_schema AND pk.table_name=c.table_name AND pk.column_name=c.column_name WHERE c.table_name = 'Warns' AND c.table_schema = 'public' {}
[2025-07-16T13:22:09.096Z] LOG: Executing (default): SELECT DISTINCT tc.constraint_name as constraint_name, tc.constraint_schema as constraint_schema, tc.constraint_catalog as constraint_catalog, tc.table_name as table_name,tc.table_schema as table_schema,tc.table_catalog as table_catalog,tc.initially_deferred as initially_deferred,tc.is_deferrable as is_deferrable,kcu.column_name as column_name,ccu.table_schema  AS referenced_table_schema,ccu.table_catalog  AS referenced_table_catalog,ccu.table_name  AS referenced_table_name,ccu.column_name AS referenced_column_name FROM information_schema.table_constraints AS tc JOIN information_schema.key_column_usage AS kcu ON tc.constraint_name = kcu.constraint_name JOIN information_schema.constraint_column_usage AS ccu ON ccu.constraint_name = tc.constraint_name WHERE constraint_type = 'FOREIGN KEY' AND tc.table_name = 'Warns' AND tc.table_catalog = 'lewisbot' {}
[2025-07-16T13:22:09.107Z] LOG: Executing (default): ALTER TABLE "Warns" ALTER COLUMN "userId" SET NOT NULL;ALTER TABLE "Warns" ALTER COLUMN "userId" DROP DEFAULT;ALTER TABLE "Warns" ALTER COLUMN "userId" TYPE VARCHAR(255); {}
[2025-07-16T13:22:09.115Z] LOG: Executing (default): ALTER TABLE "Warns" ALTER COLUMN "moderatorId" SET NOT NULL;ALTER TABLE "Warns" ALTER COLUMN "moderatorId" DROP DEFAULT;ALTER TABLE "Warns" ALTER COLUMN "moderatorId" TYPE VARCHAR(255); {}
[2025-07-16T13:22:09.121Z] LOG: Executing (default): ALTER TABLE "Warns" ALTER COLUMN "reason" DROP NOT NULL;ALTER TABLE "Warns" ALTER COLUMN "reason" SET DEFAULT 'Не указана';ALTER TABLE "Warns" ALTER COLUMN "reason" TYPE TEXT; {}
[2025-07-16T13:22:09.127Z] LOG: Executing (default): ALTER TABLE "Warns" ALTER COLUMN "guildId" SET NOT NULL;ALTER TABLE "Warns" ALTER COLUMN "guildId" DROP DEFAULT;ALTER TABLE "Warns" ALTER COLUMN "guildId" TYPE VARCHAR(255); {}
[2025-07-16T13:22:09.129Z] LOG: Executing (default): ALTER TABLE "Warns" ALTER COLUMN "createdAt" SET NOT NULL;ALTER TABLE "Warns" ALTER COLUMN "createdAt" DROP DEFAULT;ALTER TABLE "Warns" ALTER COLUMN "createdAt" TYPE TIMESTAMP WITH TIME ZONE; {}
[2025-07-16T13:22:09.133Z] LOG: Executing (default): SELECT i.relname AS name, ix.indisprimary AS primary, ix.indisunique AS unique, ix.indkey AS indkey, array_agg(a.attnum) as column_indexes, array_agg(a.attname) AS column_names, pg_get_indexdef(ix.indexrelid) AS definition FROM pg_class t, pg_class i, pg_index ix, pg_attribute a WHERE t.oid = ix.indrelid AND i.oid = ix.indexrelid AND a.attrelid = t.oid AND t.relkind = 'r' and t.relname = 'Warns' GROUP BY i.relname, ix.indexrelid, ix.indisprimary, ix.indisunique, ix.indkey ORDER BY i.relname; {}
[2025-07-16T13:23:16.958Z] LOG: Завершение работы бота... {}
[2025-07-16T13:23:19.655Z] LOG: Начинаю регистрацию команд... {}
[2025-07-16T13:23:20.161Z] LOG: Команды зарегистрированы для гильдии 1343586237868544052 {}
[2025-07-16T13:23:20.162Z] LOG: Успешно зарегистрировано 3 команд! {}
[2025-07-16T13:23:20.541Z] LOG: Executing (default): SELECT 1+1 AS result {}
[2025-07-16T13:23:20.542Z] LOG: Подключение к PostgreSQL успешно установлено {}
[2025-07-16T13:23:20.545Z] LOG: Executing (default): SELECT table_name FROM information_schema.tables WHERE table_schema = 'public' AND table_name = 'Warns' {}
[2025-07-16T13:23:20.553Z] LOG: Executing (default): SELECT pk.constraint_type as "Constraint",c.column_name as "Field", c.column_default as "Default",c.is_nullable as "Null", (CASE WHEN c.udt_name = 'hstore' THEN c.udt_name ELSE c.data_type END) || (CASE WHEN c.character_maximum_length IS NOT NULL THEN '(' || c.character_maximum_length || ')' ELSE '' END) as "Type", (SELECT array_agg(e.enumlabel) FROM pg_catalog.pg_type t JOIN pg_catalog.pg_enum e ON t.oid=e.enumtypid WHERE t.typname=c.udt_name) AS "special", (SELECT pgd.description FROM pg_catalog.pg_statio_all_tables AS st INNER JOIN pg_catalog.pg_description pgd on (pgd.objoid=st.relid) WHERE c.ordinal_position=pgd.objsubid AND c.table_name=st.relname) AS "Comment" FROM information_schema.columns c LEFT JOIN (SELECT tc.table_schema, tc.table_name, cu.column_name, tc.constraint_type FROM information_schema.TABLE_CONSTRAINTS tc JOIN information_schema.KEY_COLUMN_USAGE  cu ON tc.table_schema=cu.table_schema and tc.table_name=cu.table_name and tc.constraint_name=cu.constraint_name and tc.constraint_type='PRIMARY KEY') pk ON pk.table_schema=c.table_schema AND pk.table_name=c.table_name AND pk.column_name=c.column_name WHERE c.table_name = 'Warns' AND c.table_schema = 'public' {}
[2025-07-16T13:23:20.599Z] LOG: Executing (default): SELECT DISTINCT tc.constraint_name as constraint_name, tc.constraint_schema as constraint_schema, tc.constraint_catalog as constraint_catalog, tc.table_name as table_name,tc.table_schema as table_schema,tc.table_catalog as table_catalog,tc.initially_deferred as initially_deferred,tc.is_deferrable as is_deferrable,kcu.column_name as column_name,ccu.table_schema  AS referenced_table_schema,ccu.table_catalog  AS referenced_table_catalog,ccu.table_name  AS referenced_table_name,ccu.column_name AS referenced_column_name FROM information_schema.table_constraints AS tc JOIN information_schema.key_column_usage AS kcu ON tc.constraint_name = kcu.constraint_name JOIN information_schema.constraint_column_usage AS ccu ON ccu.constraint_name = tc.constraint_name WHERE constraint_type = 'FOREIGN KEY' AND tc.table_name = 'Warns' AND tc.table_catalog = 'lewisbot' {}
[2025-07-16T13:23:20.618Z] LOG: Executing (default): ALTER TABLE "Warns" ALTER COLUMN "userId" SET NOT NULL;ALTER TABLE "Warns" ALTER COLUMN "userId" DROP DEFAULT;ALTER TABLE "Warns" ALTER COLUMN "userId" TYPE VARCHAR(255); {}
[2025-07-16T13:23:20.625Z] LOG: Executing (default): ALTER TABLE "Warns" ALTER COLUMN "moderatorId" SET NOT NULL;ALTER TABLE "Warns" ALTER COLUMN "moderatorId" DROP DEFAULT;ALTER TABLE "Warns" ALTER COLUMN "moderatorId" TYPE VARCHAR(255); {}
[2025-07-16T13:23:20.630Z] LOG: Executing (default): ALTER TABLE "Warns" ALTER COLUMN "reason" DROP NOT NULL;ALTER TABLE "Warns" ALTER COLUMN "reason" SET DEFAULT 'Не указана';ALTER TABLE "Warns" ALTER COLUMN "reason" TYPE TEXT; {}
[2025-07-16T13:23:20.640Z] LOG: Executing (default): ALTER TABLE "Warns" ALTER COLUMN "guildId" SET NOT NULL;ALTER TABLE "Warns" ALTER COLUMN "guildId" DROP DEFAULT;ALTER TABLE "Warns" ALTER COLUMN "guildId" TYPE VARCHAR(255); {}
[2025-07-16T13:23:20.644Z] LOG: Executing (default): ALTER TABLE "Warns" ALTER COLUMN "createdAt" SET NOT NULL;ALTER TABLE "Warns" ALTER COLUMN "createdAt" DROP DEFAULT;ALTER TABLE "Warns" ALTER COLUMN "createdAt" TYPE TIMESTAMP WITH TIME ZONE; {}
[2025-07-16T13:23:20.650Z] LOG: Executing (default): SELECT i.relname AS name, ix.indisprimary AS primary, ix.indisunique AS unique, ix.indkey AS indkey, array_agg(a.attnum) as column_indexes, array_agg(a.attname) AS column_names, pg_get_indexdef(ix.indexrelid) AS definition FROM pg_class t, pg_class i, pg_index ix, pg_attribute a WHERE t.oid = ix.indrelid AND i.oid = ix.indexrelid AND a.attrelid = t.oid AND t.relkind = 'r' and t.relname = 'Warns' GROUP BY i.relname, ix.indexrelid, ix.indisprimary, ix.indisunique, ix.indkey ORDER BY i.relname; {}
[2025-07-16T13:23:22.433Z] LOG: Завершение работы бота... {}
[2025-07-16T13:23:24.653Z] LOG: Начинаю регистрацию команд... {}
[2025-07-16T13:23:25.082Z] LOG: Команды зарегистрированы для гильдии 1343586237868544052 {}
[2025-07-16T13:23:25.083Z] LOG: Успешно зарегистрировано 3 команд! {}
[2025-07-16T13:23:25.569Z] LOG: Executing (default): SELECT 1+1 AS result {}
[2025-07-16T13:23:25.571Z] LOG: Подключение к PostgreSQL успешно установлено {}
[2025-07-16T13:23:25.574Z] LOG: Executing (default): SELECT table_name FROM information_schema.tables WHERE table_schema = 'public' AND table_name = 'Warns' {}
[2025-07-16T13:23:25.583Z] LOG: Executing (default): SELECT pk.constraint_type as "Constraint",c.column_name as "Field", c.column_default as "Default",c.is_nullable as "Null", (CASE WHEN c.udt_name = 'hstore' THEN c.udt_name ELSE c.data_type END) || (CASE WHEN c.character_maximum_length IS NOT NULL THEN '(' || c.character_maximum_length || ')' ELSE '' END) as "Type", (SELECT array_agg(e.enumlabel) FROM pg_catalog.pg_type t JOIN pg_catalog.pg_enum e ON t.oid=e.enumtypid WHERE t.typname=c.udt_name) AS "special", (SELECT pgd.description FROM pg_catalog.pg_statio_all_tables AS st INNER JOIN pg_catalog.pg_description pgd on (pgd.objoid=st.relid) WHERE c.ordinal_position=pgd.objsubid AND c.table_name=st.relname) AS "Comment" FROM information_schema.columns c LEFT JOIN (SELECT tc.table_schema, tc.table_name, cu.column_name, tc.constraint_type FROM information_schema.TABLE_CONSTRAINTS tc JOIN information_schema.KEY_COLUMN_USAGE  cu ON tc.table_schema=cu.table_schema and tc.table_name=cu.table_name and tc.constraint_name=cu.constraint_name and tc.constraint_type='PRIMARY KEY') pk ON pk.table_schema=c.table_schema AND pk.table_name=c.table_name AND pk.column_name=c.column_name WHERE c.table_name = 'Warns' AND c.table_schema = 'public' {}
[2025-07-16T13:23:25.643Z] LOG: Executing (default): SELECT DISTINCT tc.constraint_name as constraint_name, tc.constraint_schema as constraint_schema, tc.constraint_catalog as constraint_catalog, tc.table_name as table_name,tc.table_schema as table_schema,tc.table_catalog as table_catalog,tc.initially_deferred as initially_deferred,tc.is_deferrable as is_deferrable,kcu.column_name as column_name,ccu.table_schema  AS referenced_table_schema,ccu.table_catalog  AS referenced_table_catalog,ccu.table_name  AS referenced_table_name,ccu.column_name AS referenced_column_name FROM information_schema.table_constraints AS tc JOIN information_schema.key_column_usage AS kcu ON tc.constraint_name = kcu.constraint_name JOIN information_schema.constraint_column_usage AS ccu ON ccu.constraint_name = tc.constraint_name WHERE constraint_type = 'FOREIGN KEY' AND tc.table_name = 'Warns' AND tc.table_catalog = 'lewisbot' {}
[2025-07-16T13:23:25.668Z] LOG: Executing (default): ALTER TABLE "Warns" ALTER COLUMN "userId" SET NOT NULL;ALTER TABLE "Warns" ALTER COLUMN "userId" DROP DEFAULT;ALTER TABLE "Warns" ALTER COLUMN "userId" TYPE VARCHAR(255); {}
[2025-07-16T13:23:25.697Z] LOG: Executing (default): ALTER TABLE "Warns" ALTER COLUMN "moderatorId" SET NOT NULL;ALTER TABLE "Warns" ALTER COLUMN "moderatorId" DROP DEFAULT;ALTER TABLE "Warns" ALTER COLUMN "moderatorId" TYPE VARCHAR(255); {}
[2025-07-16T13:23:25.701Z] LOG: Executing (default): ALTER TABLE "Warns" ALTER COLUMN "reason" DROP NOT NULL;ALTER TABLE "Warns" ALTER COLUMN "reason" SET DEFAULT 'Не указана';ALTER TABLE "Warns" ALTER COLUMN "reason" TYPE TEXT; {}
[2025-07-16T13:23:25.708Z] LOG: Executing (default): ALTER TABLE "Warns" ALTER COLUMN "guildId" SET NOT NULL;ALTER TABLE "Warns" ALTER COLUMN "guildId" DROP DEFAULT;ALTER TABLE "Warns" ALTER COLUMN "guildId" TYPE VARCHAR(255); {}
[2025-07-16T13:23:25.710Z] LOG: Executing (default): ALTER TABLE "Warns" ALTER COLUMN "createdAt" SET NOT NULL;ALTER TABLE "Warns" ALTER COLUMN "createdAt" DROP DEFAULT;ALTER TABLE "Warns" ALTER COLUMN "createdAt" TYPE TIMESTAMP WITH TIME ZONE; {}
[2025-07-16T13:23:25.711Z] LOG: Executing (default): SELECT i.relname AS name, ix.indisprimary AS primary, ix.indisunique AS unique, ix.indkey AS indkey, array_agg(a.attnum) as column_indexes, array_agg(a.attname) AS column_names, pg_get_indexdef(ix.indexrelid) AS definition FROM pg_class t, pg_class i, pg_index ix, pg_attribute a WHERE t.oid = ix.indrelid AND i.oid = ix.indexrelid AND a.attrelid = t.oid AND t.relkind = 'r' and t.relname = 'Warns' GROUP BY i.relname, ix.indexrelid, ix.indisprimary, ix.indisunique, ix.indkey ORDER BY i.relname; {}
[2025-07-16T13:24:59.237Z] LOG: Завершение работы бота... {}
[2025-07-16T13:35:44.843Z] LOG: Начинаю регистрацию команд... {}
[2025-07-16T13:35:45.302Z] LOG: Команды зарегистрированы для гильдии 1343586237868544052 {}
[2025-07-16T13:35:45.302Z] LOG: Успешно зарегистрировано 3 команд! {}
[2025-07-16T13:35:45.922Z] LOG: Executing (default): SELECT 1+1 AS result {}
[2025-07-16T13:35:45.923Z] LOG: Подключение к PostgreSQL успешно установлено {}
[2025-07-16T13:35:45.927Z] LOG: Executing (default): SELECT table_name FROM information_schema.tables WHERE table_schema = 'public' AND table_name = 'Warns' {}
[2025-07-16T13:35:45.943Z] LOG: Executing (default): SELECT pk.constraint_type as "Constraint",c.column_name as "Field", c.column_default as "Default",c.is_nullable as "Null", (CASE WHEN c.udt_name = 'hstore' THEN c.udt_name ELSE c.data_type END) || (CASE WHEN c.character_maximum_length IS NOT NULL THEN '(' || c.character_maximum_length || ')' ELSE '' END) as "Type", (SELECT array_agg(e.enumlabel) FROM pg_catalog.pg_type t JOIN pg_catalog.pg_enum e ON t.oid=e.enumtypid WHERE t.typname=c.udt_name) AS "special", (SELECT pgd.description FROM pg_catalog.pg_statio_all_tables AS st INNER JOIN pg_catalog.pg_description pgd on (pgd.objoid=st.relid) WHERE c.ordinal_position=pgd.objsubid AND c.table_name=st.relname) AS "Comment" FROM information_schema.columns c LEFT JOIN (SELECT tc.table_schema, tc.table_name, cu.column_name, tc.constraint_type FROM information_schema.TABLE_CONSTRAINTS tc JOIN information_schema.KEY_COLUMN_USAGE  cu ON tc.table_schema=cu.table_schema and tc.table_name=cu.table_name and tc.constraint_name=cu.constraint_name and tc.constraint_type='PRIMARY KEY') pk ON pk.table_schema=c.table_schema AND pk.table_name=c.table_name AND pk.column_name=c.column_name WHERE c.table_name = 'Warns' AND c.table_schema = 'public' {}
[2025-07-16T13:35:46.015Z] LOG: Executing (default): SELECT DISTINCT tc.constraint_name as constraint_name, tc.constraint_schema as constraint_schema, tc.constraint_catalog as constraint_catalog, tc.table_name as table_name,tc.table_schema as table_schema,tc.table_catalog as table_catalog,tc.initially_deferred as initially_deferred,tc.is_deferrable as is_deferrable,kcu.column_name as column_name,ccu.table_schema  AS referenced_table_schema,ccu.table_catalog  AS referenced_table_catalog,ccu.table_name  AS referenced_table_name,ccu.column_name AS referenced_column_name FROM information_schema.table_constraints AS tc JOIN information_schema.key_column_usage AS kcu ON tc.constraint_name = kcu.constraint_name JOIN information_schema.constraint_column_usage AS ccu ON ccu.constraint_name = tc.constraint_name WHERE constraint_type = 'FOREIGN KEY' AND tc.table_name = 'Warns' AND tc.table_catalog = 'lewisbot' {}
[2025-07-16T13:35:46.025Z] LOG: Executing (default): ALTER TABLE "Warns" ALTER COLUMN "userId" SET NOT NULL;ALTER TABLE "Warns" ALTER COLUMN "userId" DROP DEFAULT;ALTER TABLE "Warns" ALTER COLUMN "userId" TYPE VARCHAR(255); {}
[2025-07-16T13:35:46.036Z] LOG: Executing (default): ALTER TABLE "Warns" ALTER COLUMN "moderatorId" SET NOT NULL;ALTER TABLE "Warns" ALTER COLUMN "moderatorId" DROP DEFAULT;ALTER TABLE "Warns" ALTER COLUMN "moderatorId" TYPE VARCHAR(255); {}
[2025-07-16T13:35:46.039Z] LOG: Executing (default): ALTER TABLE "Warns" ALTER COLUMN "reason" DROP NOT NULL;ALTER TABLE "Warns" ALTER COLUMN "reason" SET DEFAULT 'Не указана';ALTER TABLE "Warns" ALTER COLUMN "reason" TYPE TEXT; {}
[2025-07-16T13:35:46.046Z] LOG: Executing (default): ALTER TABLE "Warns" ALTER COLUMN "guildId" SET NOT NULL;ALTER TABLE "Warns" ALTER COLUMN "guildId" DROP DEFAULT;ALTER TABLE "Warns" ALTER COLUMN "guildId" TYPE VARCHAR(255); {}
[2025-07-16T13:35:46.048Z] LOG: Executing (default): ALTER TABLE "Warns" ALTER COLUMN "createdAt" SET NOT NULL;ALTER TABLE "Warns" ALTER COLUMN "createdAt" DROP DEFAULT;ALTER TABLE "Warns" ALTER COLUMN "createdAt" TYPE TIMESTAMP WITH TIME ZONE; {}
[2025-07-16T13:35:46.054Z] LOG: Executing (default): SELECT i.relname AS name, ix.indisprimary AS primary, ix.indisunique AS unique, ix.indkey AS indkey, array_agg(a.attnum) as column_indexes, array_agg(a.attname) AS column_names, pg_get_indexdef(ix.indexrelid) AS definition FROM pg_class t, pg_class i, pg_index ix, pg_attribute a WHERE t.oid = ix.indrelid AND i.oid = ix.indexrelid AND a.attrelid = t.oid AND t.relkind = 'r' and t.relname = 'Warns' GROUP BY i.relname, ix.indexrelid, ix.indisprimary, ix.indisunique, ix.indkey ORDER BY i.relname; {}
[2025-07-16T13:54:17.212Z] LOG: Завершение работы бота... {}
[2025-07-16T13:54:28.819Z] LOG: Начинаю регистрацию команд... {}
[2025-07-16T13:54:29.342Z] LOG: Команды зарегистрированы для гильдии 1343586237868544052 {}
[2025-07-16T13:54:29.343Z] LOG: Успешно зарегистрировано 3 команд! {}
[2025-07-16T13:54:29.882Z] LOG: Executing (default): SELECT 1+1 AS result {}
[2025-07-16T13:54:29.885Z] LOG: Подключение к PostgreSQL успешно установлено {}
[2025-07-16T13:54:29.888Z] LOG: Executing (default): SELECT table_name FROM information_schema.tables WHERE table_schema = 'public' AND table_name = 'Warns' {}
[2025-07-16T13:54:29.909Z] LOG: Executing (default): SELECT pk.constraint_type as "Constraint",c.column_name as "Field", c.column_default as "Default",c.is_nullable as "Null", (CASE WHEN c.udt_name = 'hstore' THEN c.udt_name ELSE c.data_type END) || (CASE WHEN c.character_maximum_length IS NOT NULL THEN '(' || c.character_maximum_length || ')' ELSE '' END) as "Type", (SELECT array_agg(e.enumlabel) FROM pg_catalog.pg_type t JOIN pg_catalog.pg_enum e ON t.oid=e.enumtypid WHERE t.typname=c.udt_name) AS "special", (SELECT pgd.description FROM pg_catalog.pg_statio_all_tables AS st INNER JOIN pg_catalog.pg_description pgd on (pgd.objoid=st.relid) WHERE c.ordinal_position=pgd.objsubid AND c.table_name=st.relname) AS "Comment" FROM information_schema.columns c LEFT JOIN (SELECT tc.table_schema, tc.table_name, cu.column_name, tc.constraint_type FROM information_schema.TABLE_CONSTRAINTS tc JOIN information_schema.KEY_COLUMN_USAGE  cu ON tc.table_schema=cu.table_schema and tc.table_name=cu.table_name and tc.constraint_name=cu.constraint_name and tc.constraint_type='PRIMARY KEY') pk ON pk.table_schema=c.table_schema AND pk.table_name=c.table_name AND pk.column_name=c.column_name WHERE c.table_name = 'Warns' AND c.table_schema = 'public' {}
[2025-07-16T13:54:29.995Z] LOG: Executing (default): SELECT DISTINCT tc.constraint_name as constraint_name, tc.constraint_schema as constraint_schema, tc.constraint_catalog as constraint_catalog, tc.table_name as table_name,tc.table_schema as table_schema,tc.table_catalog as table_catalog,tc.initially_deferred as initially_deferred,tc.is_deferrable as is_deferrable,kcu.column_name as column_name,ccu.table_schema  AS referenced_table_schema,ccu.table_catalog  AS referenced_table_catalog,ccu.table_name  AS referenced_table_name,ccu.column_name AS referenced_column_name FROM information_schema.table_constraints AS tc JOIN information_schema.key_column_usage AS kcu ON tc.constraint_name = kcu.constraint_name JOIN information_schema.constraint_column_usage AS ccu ON ccu.constraint_name = tc.constraint_name WHERE constraint_type = 'FOREIGN KEY' AND tc.table_name = 'Warns' AND tc.table_catalog = 'lewisbot' {}
[2025-07-16T13:54:30.008Z] LOG: Executing (default): ALTER TABLE "Warns" ALTER COLUMN "userId" SET NOT NULL;ALTER TABLE "Warns" ALTER COLUMN "userId" DROP DEFAULT;ALTER TABLE "Warns" ALTER COLUMN "userId" TYPE VARCHAR(255); {}
[2025-07-16T13:54:30.029Z] LOG: Executing (default): ALTER TABLE "Warns" ALTER COLUMN "moderatorId" SET NOT NULL;ALTER TABLE "Warns" ALTER COLUMN "moderatorId" DROP DEFAULT;ALTER TABLE "Warns" ALTER COLUMN "moderatorId" TYPE VARCHAR(255); {}
[2025-07-16T13:54:30.032Z] LOG: Executing (default): ALTER TABLE "Warns" ALTER COLUMN "reason" DROP NOT NULL;ALTER TABLE "Warns" ALTER COLUMN "reason" SET DEFAULT 'Не указана';ALTER TABLE "Warns" ALTER COLUMN "reason" TYPE TEXT; {}
[2025-07-16T13:54:30.039Z] LOG: Executing (default): ALTER TABLE "Warns" ALTER COLUMN "guildId" SET NOT NULL;ALTER TABLE "Warns" ALTER COLUMN "guildId" DROP DEFAULT;ALTER TABLE "Warns" ALTER COLUMN "guildId" TYPE VARCHAR(255); {}
[2025-07-16T13:54:30.042Z] LOG: Executing (default): ALTER TABLE "Warns" ALTER COLUMN "createdAt" SET NOT NULL;ALTER TABLE "Warns" ALTER COLUMN "createdAt" DROP DEFAULT;ALTER TABLE "Warns" ALTER COLUMN "createdAt" TYPE TIMESTAMP WITH TIME ZONE; {}
[2025-07-16T13:54:30.044Z] LOG: Executing (default): SELECT i.relname AS name, ix.indisprimary AS primary, ix.indisunique AS unique, ix.indkey AS indkey, array_agg(a.attnum) as column_indexes, array_agg(a.attname) AS column_names, pg_get_indexdef(ix.indexrelid) AS definition FROM pg_class t, pg_class i, pg_index ix, pg_attribute a WHERE t.oid = ix.indrelid AND i.oid = ix.indexrelid AND a.attrelid = t.oid AND t.relkind = 'r' and t.relname = 'Warns' GROUP BY i.relname, ix.indexrelid, ix.indisprimary, ix.indisunique, ix.indkey ORDER BY i.relname; {}
[2025-07-16T13:54:37.556Z] LOG: Завершение работы бота... {}
[2025-07-16T13:54:39.328Z] LOG: Начинаю регистрацию команд... {}
[2025-07-16T13:54:39.855Z] LOG: Команды зарегистрированы для гильдии 1343586237868544052 {}
[2025-07-16T13:54:39.855Z] LOG: Успешно зарегистрировано 3 команд! {}
[2025-07-16T13:54:40.339Z] LOG: Executing (default): SELECT 1+1 AS result {}
[2025-07-16T13:54:40.341Z] LOG: Подключение к PostgreSQL успешно установлено {}
[2025-07-16T13:54:40.345Z] LOG: Executing (default): SELECT table_name FROM information_schema.tables WHERE table_schema = 'public' AND table_name = 'Warns' {}
[2025-07-16T13:54:40.359Z] LOG: Executing (default): SELECT pk.constraint_type as "Constraint",c.column_name as "Field", c.column_default as "Default",c.is_nullable as "Null", (CASE WHEN c.udt_name = 'hstore' THEN c.udt_name ELSE c.data_type END) || (CASE WHEN c.character_maximum_length IS NOT NULL THEN '(' || c.character_maximum_length || ')' ELSE '' END) as "Type", (SELECT array_agg(e.enumlabel) FROM pg_catalog.pg_type t JOIN pg_catalog.pg_enum e ON t.oid=e.enumtypid WHERE t.typname=c.udt_name) AS "special", (SELECT pgd.description FROM pg_catalog.pg_statio_all_tables AS st INNER JOIN pg_catalog.pg_description pgd on (pgd.objoid=st.relid) WHERE c.ordinal_position=pgd.objsubid AND c.table_name=st.relname) AS "Comment" FROM information_schema.columns c LEFT JOIN (SELECT tc.table_schema, tc.table_name, cu.column_name, tc.constraint_type FROM information_schema.TABLE_CONSTRAINTS tc JOIN information_schema.KEY_COLUMN_USAGE  cu ON tc.table_schema=cu.table_schema and tc.table_name=cu.table_name and tc.constraint_name=cu.constraint_name and tc.constraint_type='PRIMARY KEY') pk ON pk.table_schema=c.table_schema AND pk.table_name=c.table_name AND pk.column_name=c.column_name WHERE c.table_name = 'Warns' AND c.table_schema = 'public' {}
[2025-07-16T13:54:40.407Z] LOG: Executing (default): SELECT DISTINCT tc.constraint_name as constraint_name, tc.constraint_schema as constraint_schema, tc.constraint_catalog as constraint_catalog, tc.table_name as table_name,tc.table_schema as table_schema,tc.table_catalog as table_catalog,tc.initially_deferred as initially_deferred,tc.is_deferrable as is_deferrable,kcu.column_name as column_name,ccu.table_schema  AS referenced_table_schema,ccu.table_catalog  AS referenced_table_catalog,ccu.table_name  AS referenced_table_name,ccu.column_name AS referenced_column_name FROM information_schema.table_constraints AS tc JOIN information_schema.key_column_usage AS kcu ON tc.constraint_name = kcu.constraint_name JOIN information_schema.constraint_column_usage AS ccu ON ccu.constraint_name = tc.constraint_name WHERE constraint_type = 'FOREIGN KEY' AND tc.table_name = 'Warns' AND tc.table_catalog = 'lewisbot' {}
[2025-07-16T13:54:40.431Z] LOG: Executing (default): ALTER TABLE "Warns" ALTER COLUMN "userId" SET NOT NULL;ALTER TABLE "Warns" ALTER COLUMN "userId" DROP DEFAULT;ALTER TABLE "Warns" ALTER COLUMN "userId" TYPE VARCHAR(255); {}
[2025-07-16T13:54:40.444Z] LOG: Executing (default): ALTER TABLE "Warns" ALTER COLUMN "moderatorId" SET NOT NULL;ALTER TABLE "Warns" ALTER COLUMN "moderatorId" DROP DEFAULT;ALTER TABLE "Warns" ALTER COLUMN "moderatorId" TYPE VARCHAR(255); {}
[2025-07-16T13:54:40.451Z] LOG: Executing (default): ALTER TABLE "Warns" ALTER COLUMN "reason" DROP NOT NULL;ALTER TABLE "Warns" ALTER COLUMN "reason" SET DEFAULT 'Не указана';ALTER TABLE "Warns" ALTER COLUMN "reason" TYPE TEXT; {}
[2025-07-16T13:54:40.457Z] LOG: Executing (default): ALTER TABLE "Warns" ALTER COLUMN "guildId" SET NOT NULL;ALTER TABLE "Warns" ALTER COLUMN "guildId" DROP DEFAULT;ALTER TABLE "Warns" ALTER COLUMN "guildId" TYPE VARCHAR(255); {}
[2025-07-16T13:54:40.460Z] LOG: Executing (default): ALTER TABLE "Warns" ALTER COLUMN "createdAt" SET NOT NULL;ALTER TABLE "Warns" ALTER COLUMN "createdAt" DROP DEFAULT;ALTER TABLE "Warns" ALTER COLUMN "createdAt" TYPE TIMESTAMP WITH TIME ZONE; {}
[2025-07-16T13:54:40.466Z] LOG: Executing (default): SELECT i.relname AS name, ix.indisprimary AS primary, ix.indisunique AS unique, ix.indkey AS indkey, array_agg(a.attnum) as column_indexes, array_agg(a.attname) AS column_names, pg_get_indexdef(ix.indexrelid) AS definition FROM pg_class t, pg_class i, pg_index ix, pg_attribute a WHERE t.oid = ix.indrelid AND i.oid = ix.indexrelid AND a.attrelid = t.oid AND t.relkind = 'r' and t.relname = 'Warns' GROUP BY i.relname, ix.indexrelid, ix.indisprimary, ix.indisunique, ix.indkey ORDER BY i.relname; {}
[2025-07-16T13:56:24.432Z] LOG: Завершение работы бота... {}
[2025-07-16T13:56:27.197Z] LOG: Начинаю регистрацию команд... {}
[2025-07-16T13:56:27.615Z] LOG: Команды зарегистрированы для гильдии 1343586237868544052 {}
[2025-07-16T13:56:27.616Z] LOG: Успешно зарегистрировано 3 команд! {}
[2025-07-16T13:56:28.247Z] LOG: Executing (default): SELECT 1+1 AS result {}
[2025-07-16T13:56:28.249Z] LOG: Подключение к PostgreSQL успешно установлено {}
[2025-07-16T13:56:28.252Z] LOG: Executing (default): SELECT table_name FROM information_schema.tables WHERE table_schema = 'public' AND table_name = 'Warns' {}
[2025-07-16T13:56:28.264Z] LOG: Executing (default): SELECT pk.constraint_type as "Constraint",c.column_name as "Field", c.column_default as "Default",c.is_nullable as "Null", (CASE WHEN c.udt_name = 'hstore' THEN c.udt_name ELSE c.data_type END) || (CASE WHEN c.character_maximum_length IS NOT NULL THEN '(' || c.character_maximum_length || ')' ELSE '' END) as "Type", (SELECT array_agg(e.enumlabel) FROM pg_catalog.pg_type t JOIN pg_catalog.pg_enum e ON t.oid=e.enumtypid WHERE t.typname=c.udt_name) AS "special", (SELECT pgd.description FROM pg_catalog.pg_statio_all_tables AS st INNER JOIN pg_catalog.pg_description pgd on (pgd.objoid=st.relid) WHERE c.ordinal_position=pgd.objsubid AND c.table_name=st.relname) AS "Comment" FROM information_schema.columns c LEFT JOIN (SELECT tc.table_schema, tc.table_name, cu.column_name, tc.constraint_type FROM information_schema.TABLE_CONSTRAINTS tc JOIN information_schema.KEY_COLUMN_USAGE  cu ON tc.table_schema=cu.table_schema and tc.table_name=cu.table_name and tc.constraint_name=cu.constraint_name and tc.constraint_type='PRIMARY KEY') pk ON pk.table_schema=c.table_schema AND pk.table_name=c.table_name AND pk.column_name=c.column_name WHERE c.table_name = 'Warns' AND c.table_schema = 'public' {}
[2025-07-16T13:56:28.511Z] LOG: Executing (default): SELECT DISTINCT tc.constraint_name as constraint_name, tc.constraint_schema as constraint_schema, tc.constraint_catalog as constraint_catalog, tc.table_name as table_name,tc.table_schema as table_schema,tc.table_catalog as table_catalog,tc.initially_deferred as initially_deferred,tc.is_deferrable as is_deferrable,kcu.column_name as column_name,ccu.table_schema  AS referenced_table_schema,ccu.table_catalog  AS referenced_table_catalog,ccu.table_name  AS referenced_table_name,ccu.column_name AS referenced_column_name FROM information_schema.table_constraints AS tc JOIN information_schema.key_column_usage AS kcu ON tc.constraint_name = kcu.constraint_name JOIN information_schema.constraint_column_usage AS ccu ON ccu.constraint_name = tc.constraint_name WHERE constraint_type = 'FOREIGN KEY' AND tc.table_name = 'Warns' AND tc.table_catalog = 'lewisbot' {}
[2025-07-16T13:56:28.523Z] LOG: Executing (default): ALTER TABLE "Warns" ALTER COLUMN "userId" SET NOT NULL;ALTER TABLE "Warns" ALTER COLUMN "userId" DROP DEFAULT;ALTER TABLE "Warns" ALTER COLUMN "userId" TYPE VARCHAR(255); {}
[2025-07-16T13:56:28.539Z] LOG: Executing (default): ALTER TABLE "Warns" ALTER COLUMN "moderatorId" SET NOT NULL;ALTER TABLE "Warns" ALTER COLUMN "moderatorId" DROP DEFAULT;ALTER TABLE "Warns" ALTER COLUMN "moderatorId" TYPE VARCHAR(255); {}
[2025-07-16T13:56:28.545Z] LOG: Executing (default): ALTER TABLE "Warns" ALTER COLUMN "reason" DROP NOT NULL;ALTER TABLE "Warns" ALTER COLUMN "reason" SET DEFAULT 'Не указана';ALTER TABLE "Warns" ALTER COLUMN "reason" TYPE TEXT; {}
[2025-07-16T13:56:28.555Z] LOG: Executing (default): ALTER TABLE "Warns" ALTER COLUMN "guildId" SET NOT NULL;ALTER TABLE "Warns" ALTER COLUMN "guildId" DROP DEFAULT;ALTER TABLE "Warns" ALTER COLUMN "guildId" TYPE VARCHAR(255); {}
[2025-07-16T13:56:28.558Z] LOG: Executing (default): ALTER TABLE "Warns" ALTER COLUMN "createdAt" SET NOT NULL;ALTER TABLE "Warns" ALTER COLUMN "createdAt" DROP DEFAULT;ALTER TABLE "Warns" ALTER COLUMN "createdAt" TYPE TIMESTAMP WITH TIME ZONE; {}
[2025-07-16T13:56:28.561Z] LOG: Executing (default): SELECT i.relname AS name, ix.indisprimary AS primary, ix.indisunique AS unique, ix.indkey AS indkey, array_agg(a.attnum) as column_indexes, array_agg(a.attname) AS column_names, pg_get_indexdef(ix.indexrelid) AS definition FROM pg_class t, pg_class i, pg_index ix, pg_attribute a WHERE t.oid = ix.indrelid AND i.oid = ix.indexrelid AND a.attrelid = t.oid AND t.relkind = 'r' and t.relname = 'Warns' GROUP BY i.relname, ix.indexrelid, ix.indisprimary, ix.indisunique, ix.indkey ORDER BY i.relname; {}
[2025-07-16T13:56:32.504Z] LOG: Завершение работы бота... {}
[2025-07-16T13:56:34.053Z] LOG: Начинаю регистрацию команд... {}
[2025-07-16T13:56:34.576Z] LOG: Команды зарегистрированы для гильдии 1343586237868544052 {}
[2025-07-16T13:56:34.577Z] LOG: Успешно зарегистрировано 3 команд! {}
[2025-07-16T13:56:35.184Z] LOG: Executing (default): SELECT 1+1 AS result {}
[2025-07-16T13:56:35.186Z] LOG: Подключение к PostgreSQL успешно установлено {}
[2025-07-16T13:56:35.191Z] LOG: Executing (default): SELECT table_name FROM information_schema.tables WHERE table_schema = 'public' AND table_name = 'Warns' {}
[2025-07-16T13:56:35.204Z] LOG: Executing (default): SELECT pk.constraint_type as "Constraint",c.column_name as "Field", c.column_default as "Default",c.is_nullable as "Null", (CASE WHEN c.udt_name = 'hstore' THEN c.udt_name ELSE c.data_type END) || (CASE WHEN c.character_maximum_length IS NOT NULL THEN '(' || c.character_maximum_length || ')' ELSE '' END) as "Type", (SELECT array_agg(e.enumlabel) FROM pg_catalog.pg_type t JOIN pg_catalog.pg_enum e ON t.oid=e.enumtypid WHERE t.typname=c.udt_name) AS "special", (SELECT pgd.description FROM pg_catalog.pg_statio_all_tables AS st INNER JOIN pg_catalog.pg_description pgd on (pgd.objoid=st.relid) WHERE c.ordinal_position=pgd.objsubid AND c.table_name=st.relname) AS "Comment" FROM information_schema.columns c LEFT JOIN (SELECT tc.table_schema, tc.table_name, cu.column_name, tc.constraint_type FROM information_schema.TABLE_CONSTRAINTS tc JOIN information_schema.KEY_COLUMN_USAGE  cu ON tc.table_schema=cu.table_schema and tc.table_name=cu.table_name and tc.constraint_name=cu.constraint_name and tc.constraint_type='PRIMARY KEY') pk ON pk.table_schema=c.table_schema AND pk.table_name=c.table_name AND pk.column_name=c.column_name WHERE c.table_name = 'Warns' AND c.table_schema = 'public' {}
[2025-07-16T13:56:35.272Z] LOG: Executing (default): SELECT DISTINCT tc.constraint_name as constraint_name, tc.constraint_schema as constraint_schema, tc.constraint_catalog as constraint_catalog, tc.table_name as table_name,tc.table_schema as table_schema,tc.table_catalog as table_catalog,tc.initially_deferred as initially_deferred,tc.is_deferrable as is_deferrable,kcu.column_name as column_name,ccu.table_schema  AS referenced_table_schema,ccu.table_catalog  AS referenced_table_catalog,ccu.table_name  AS referenced_table_name,ccu.column_name AS referenced_column_name FROM information_schema.table_constraints AS tc JOIN information_schema.key_column_usage AS kcu ON tc.constraint_name = kcu.constraint_name JOIN information_schema.constraint_column_usage AS ccu ON ccu.constraint_name = tc.constraint_name WHERE constraint_type = 'FOREIGN KEY' AND tc.table_name = 'Warns' AND tc.table_catalog = 'lewisbot' {}
[2025-07-16T13:56:35.292Z] LOG: Executing (default): ALTER TABLE "Warns" ALTER COLUMN "userId" SET NOT NULL;ALTER TABLE "Warns" ALTER COLUMN "userId" DROP DEFAULT;ALTER TABLE "Warns" ALTER COLUMN "userId" TYPE VARCHAR(255); {}
[2025-07-16T13:56:35.306Z] LOG: Executing (default): ALTER TABLE "Warns" ALTER COLUMN "moderatorId" SET NOT NULL;ALTER TABLE "Warns" ALTER COLUMN "moderatorId" DROP DEFAULT;ALTER TABLE "Warns" ALTER COLUMN "moderatorId" TYPE VARCHAR(255); {}
[2025-07-16T13:56:35.314Z] LOG: Executing (default): ALTER TABLE "Warns" ALTER COLUMN "reason" DROP NOT NULL;ALTER TABLE "Warns" ALTER COLUMN "reason" SET DEFAULT 'Не указана';ALTER TABLE "Warns" ALTER COLUMN "reason" TYPE TEXT; {}
[2025-07-16T13:56:35.321Z] LOG: Executing (default): ALTER TABLE "Warns" ALTER COLUMN "guildId" SET NOT NULL;ALTER TABLE "Warns" ALTER COLUMN "guildId" DROP DEFAULT;ALTER TABLE "Warns" ALTER COLUMN "guildId" TYPE VARCHAR(255); {}
[2025-07-16T13:56:35.328Z] LOG: Executing (default): ALTER TABLE "Warns" ALTER COLUMN "createdAt" SET NOT NULL;ALTER TABLE "Warns" ALTER COLUMN "createdAt" DROP DEFAULT;ALTER TABLE "Warns" ALTER COLUMN "createdAt" TYPE TIMESTAMP WITH TIME ZONE; {}
[2025-07-16T13:56:35.332Z] LOG: Executing (default): SELECT i.relname AS name, ix.indisprimary AS primary, ix.indisunique AS unique, ix.indkey AS indkey, array_agg(a.attnum) as column_indexes, array_agg(a.attname) AS column_names, pg_get_indexdef(ix.indexrelid) AS definition FROM pg_class t, pg_class i, pg_index ix, pg_attribute a WHERE t.oid = ix.indrelid AND i.oid = ix.indexrelid AND a.attrelid = t.oid AND t.relkind = 'r' and t.relname = 'Warns' GROUP BY i.relname, ix.indexrelid, ix.indisprimary, ix.indisunique, ix.indkey ORDER BY i.relname; {}
[2025-07-16T13:58:48.429Z] LOG: Завершение работы бота... {}
[2025-07-16T13:58:50.142Z] LOG: Начинаю регистрацию команд... {}
[2025-07-16T13:58:50.573Z] LOG: Команды зарегистрированы для гильдии 1343586237868544052 {}
[2025-07-16T13:58:50.574Z] LOG: Успешно зарегистрировано 3 команд! {}
[2025-07-16T13:58:51.544Z] LOG: Executing (default): SELECT 1+1 AS result {}
[2025-07-16T13:58:51.546Z] LOG: Подключение к PostgreSQL успешно установлено {}
[2025-07-16T13:58:51.550Z] LOG: Executing (default): SELECT table_name FROM information_schema.tables WHERE table_schema = 'public' AND table_name = 'Warns' {}
[2025-07-16T13:58:51.564Z] LOG: Executing (default): SELECT pk.constraint_type as "Constraint",c.column_name as "Field", c.column_default as "Default",c.is_nullable as "Null", (CASE WHEN c.udt_name = 'hstore' THEN c.udt_name ELSE c.data_type END) || (CASE WHEN c.character_maximum_length IS NOT NULL THEN '(' || c.character_maximum_length || ')' ELSE '' END) as "Type", (SELECT array_agg(e.enumlabel) FROM pg_catalog.pg_type t JOIN pg_catalog.pg_enum e ON t.oid=e.enumtypid WHERE t.typname=c.udt_name) AS "special", (SELECT pgd.description FROM pg_catalog.pg_statio_all_tables AS st INNER JOIN pg_catalog.pg_description pgd on (pgd.objoid=st.relid) WHERE c.ordinal_position=pgd.objsubid AND c.table_name=st.relname) AS "Comment" FROM information_schema.columns c LEFT JOIN (SELECT tc.table_schema, tc.table_name, cu.column_name, tc.constraint_type FROM information_schema.TABLE_CONSTRAINTS tc JOIN information_schema.KEY_COLUMN_USAGE  cu ON tc.table_schema=cu.table_schema and tc.table_name=cu.table_name and tc.constraint_name=cu.constraint_name and tc.constraint_type='PRIMARY KEY') pk ON pk.table_schema=c.table_schema AND pk.table_name=c.table_name AND pk.column_name=c.column_name WHERE c.table_name = 'Warns' AND c.table_schema = 'public' {}
[2025-07-16T13:58:51.632Z] LOG: Executing (default): SELECT DISTINCT tc.constraint_name as constraint_name, tc.constraint_schema as constraint_schema, tc.constraint_catalog as constraint_catalog, tc.table_name as table_name,tc.table_schema as table_schema,tc.table_catalog as table_catalog,tc.initially_deferred as initially_deferred,tc.is_deferrable as is_deferrable,kcu.column_name as column_name,ccu.table_schema  AS referenced_table_schema,ccu.table_catalog  AS referenced_table_catalog,ccu.table_name  AS referenced_table_name,ccu.column_name AS referenced_column_name FROM information_schema.table_constraints AS tc JOIN information_schema.key_column_usage AS kcu ON tc.constraint_name = kcu.constraint_name JOIN information_schema.constraint_column_usage AS ccu ON ccu.constraint_name = tc.constraint_name WHERE constraint_type = 'FOREIGN KEY' AND tc.table_name = 'Warns' AND tc.table_catalog = 'lewisbot' {}
[2025-07-16T13:58:51.646Z] LOG: Executing (default): ALTER TABLE "Warns" ALTER COLUMN "userId" SET NOT NULL;ALTER TABLE "Warns" ALTER COLUMN "userId" DROP DEFAULT;ALTER TABLE "Warns" ALTER COLUMN "userId" TYPE VARCHAR(255); {}
[2025-07-16T13:58:51.653Z] LOG: Executing (default): ALTER TABLE "Warns" ALTER COLUMN "moderatorId" SET NOT NULL;ALTER TABLE "Warns" ALTER COLUMN "moderatorId" DROP DEFAULT;ALTER TABLE "Warns" ALTER COLUMN "moderatorId" TYPE VARCHAR(255); {}
[2025-07-16T13:58:51.658Z] LOG: Executing (default): ALTER TABLE "Warns" ALTER COLUMN "reason" DROP NOT NULL;ALTER TABLE "Warns" ALTER COLUMN "reason" SET DEFAULT 'Не указана';ALTER TABLE "Warns" ALTER COLUMN "reason" TYPE TEXT; {}
[2025-07-16T13:58:51.665Z] LOG: Executing (default): ALTER TABLE "Warns" ALTER COLUMN "guildId" SET NOT NULL;ALTER TABLE "Warns" ALTER COLUMN "guildId" DROP DEFAULT;ALTER TABLE "Warns" ALTER COLUMN "guildId" TYPE VARCHAR(255); {}
[2025-07-16T13:58:51.670Z] LOG: Executing (default): ALTER TABLE "Warns" ALTER COLUMN "createdAt" SET NOT NULL;ALTER TABLE "Warns" ALTER COLUMN "createdAt" DROP DEFAULT;ALTER TABLE "Warns" ALTER COLUMN "createdAt" TYPE TIMESTAMP WITH TIME ZONE; {}
[2025-07-16T13:58:51.682Z] LOG: Executing (default): SELECT i.relname AS name, ix.indisprimary AS primary, ix.indisunique AS unique, ix.indkey AS indkey, array_agg(a.attnum) as column_indexes, array_agg(a.attname) AS column_names, pg_get_indexdef(ix.indexrelid) AS definition FROM pg_class t, pg_class i, pg_index ix, pg_attribute a WHERE t.oid = ix.indrelid AND i.oid = ix.indexrelid AND a.attrelid = t.oid AND t.relkind = 'r' and t.relname = 'Warns' GROUP BY i.relname, ix.indexrelid, ix.indisprimary, ix.indisunique, ix.indkey ORDER BY i.relname; {}
[2025-07-16T13:58:58.949Z] LOG: Завершение работы бота... {}
[2025-07-16T13:59:00.695Z] LOG: Начинаю регистрацию команд... {}
[2025-07-16T13:59:01.159Z] LOG: Команды зарегистрированы для гильдии 1343586237868544052 {}
[2025-07-16T13:59:01.160Z] LOG: Успешно зарегистрировано 3 команд! {}
[2025-07-16T13:59:01.870Z] LOG: Executing (default): SELECT 1+1 AS result {}
[2025-07-16T13:59:01.872Z] LOG: Подключение к PostgreSQL успешно установлено {}
[2025-07-16T13:59:01.876Z] LOG: Executing (default): SELECT table_name FROM information_schema.tables WHERE table_schema = 'public' AND table_name = 'Warns' {}
[2025-07-16T13:59:01.885Z] LOG: Executing (default): SELECT pk.constraint_type as "Constraint",c.column_name as "Field", c.column_default as "Default",c.is_nullable as "Null", (CASE WHEN c.udt_name = 'hstore' THEN c.udt_name ELSE c.data_type END) || (CASE WHEN c.character_maximum_length IS NOT NULL THEN '(' || c.character_maximum_length || ')' ELSE '' END) as "Type", (SELECT array_agg(e.enumlabel) FROM pg_catalog.pg_type t JOIN pg_catalog.pg_enum e ON t.oid=e.enumtypid WHERE t.typname=c.udt_name) AS "special", (SELECT pgd.description FROM pg_catalog.pg_statio_all_tables AS st INNER JOIN pg_catalog.pg_description pgd on (pgd.objoid=st.relid) WHERE c.ordinal_position=pgd.objsubid AND c.table_name=st.relname) AS "Comment" FROM information_schema.columns c LEFT JOIN (SELECT tc.table_schema, tc.table_name, cu.column_name, tc.constraint_type FROM information_schema.TABLE_CONSTRAINTS tc JOIN information_schema.KEY_COLUMN_USAGE  cu ON tc.table_schema=cu.table_schema and tc.table_name=cu.table_name and tc.constraint_name=cu.constraint_name and tc.constraint_type='PRIMARY KEY') pk ON pk.table_schema=c.table_schema AND pk.table_name=c.table_name AND pk.column_name=c.column_name WHERE c.table_name = 'Warns' AND c.table_schema = 'public' {}
[2025-07-16T13:59:01.943Z] LOG: Executing (default): SELECT DISTINCT tc.constraint_name as constraint_name, tc.constraint_schema as constraint_schema, tc.constraint_catalog as constraint_catalog, tc.table_name as table_name,tc.table_schema as table_schema,tc.table_catalog as table_catalog,tc.initially_deferred as initially_deferred,tc.is_deferrable as is_deferrable,kcu.column_name as column_name,ccu.table_schema  AS referenced_table_schema,ccu.table_catalog  AS referenced_table_catalog,ccu.table_name  AS referenced_table_name,ccu.column_name AS referenced_column_name FROM information_schema.table_constraints AS tc JOIN information_schema.key_column_usage AS kcu ON tc.constraint_name = kcu.constraint_name JOIN information_schema.constraint_column_usage AS ccu ON ccu.constraint_name = tc.constraint_name WHERE constraint_type = 'FOREIGN KEY' AND tc.table_name = 'Warns' AND tc.table_catalog = 'lewisbot' {}
[2025-07-16T13:59:01.957Z] LOG: Executing (default): ALTER TABLE "Warns" ALTER COLUMN "userId" SET NOT NULL;ALTER TABLE "Warns" ALTER COLUMN "userId" DROP DEFAULT;ALTER TABLE "Warns" ALTER COLUMN "userId" TYPE VARCHAR(255); {}
[2025-07-16T13:59:01.979Z] LOG: Executing (default): ALTER TABLE "Warns" ALTER COLUMN "moderatorId" SET NOT NULL;ALTER TABLE "Warns" ALTER COLUMN "moderatorId" DROP DEFAULT;ALTER TABLE "Warns" ALTER COLUMN "moderatorId" TYPE VARCHAR(255); {}
[2025-07-16T13:59:01.983Z] LOG: Executing (default): ALTER TABLE "Warns" ALTER COLUMN "reason" DROP NOT NULL;ALTER TABLE "Warns" ALTER COLUMN "reason" SET DEFAULT 'Не указана';ALTER TABLE "Warns" ALTER COLUMN "reason" TYPE TEXT; {}
[2025-07-16T13:59:01.990Z] LOG: Executing (default): ALTER TABLE "Warns" ALTER COLUMN "guildId" SET NOT NULL;ALTER TABLE "Warns" ALTER COLUMN "guildId" DROP DEFAULT;ALTER TABLE "Warns" ALTER COLUMN "guildId" TYPE VARCHAR(255); {}
[2025-07-16T13:59:01.993Z] LOG: Executing (default): ALTER TABLE "Warns" ALTER COLUMN "createdAt" SET NOT NULL;ALTER TABLE "Warns" ALTER COLUMN "createdAt" DROP DEFAULT;ALTER TABLE "Warns" ALTER COLUMN "createdAt" TYPE TIMESTAMP WITH TIME ZONE; {}
[2025-07-16T13:59:01.997Z] LOG: Executing (default): SELECT i.relname AS name, ix.indisprimary AS primary, ix.indisunique AS unique, ix.indkey AS indkey, array_agg(a.attnum) as column_indexes, array_agg(a.attname) AS column_names, pg_get_indexdef(ix.indexrelid) AS definition FROM pg_class t, pg_class i, pg_index ix, pg_attribute a WHERE t.oid = ix.indrelid AND i.oid = ix.indexrelid AND a.attrelid = t.oid AND t.relkind = 'r' and t.relname = 'Warns' GROUP BY i.relname, ix.indexrelid, ix.indisprimary, ix.indisunique, ix.indkey ORDER BY i.relname; {}
[2025-07-16T13:59:45.231Z] LOG: Завершение работы бота... {}
[2025-07-16T13:59:47.012Z] LOG: Начинаю регистрацию команд... {}
[2025-07-16T13:59:47.829Z] LOG: Команды зарегистрированы для гильдии 1343586237868544052 {}
[2025-07-16T13:59:47.830Z] LOG: Успешно зарегистрировано 3 команд! {}
[2025-07-16T13:59:48.571Z] LOG: Executing (default): SELECT 1+1 AS result {}
[2025-07-16T13:59:48.584Z] LOG: Подключение к PostgreSQL успешно установлено {}
[2025-07-16T13:59:48.594Z] LOG: Executing (default): SELECT table_name FROM information_schema.tables WHERE table_schema = 'public' AND table_name = 'Warns' {}
[2025-07-16T13:59:48.624Z] LOG: Executing (default): SELECT pk.constraint_type as "Constraint",c.column_name as "Field", c.column_default as "Default",c.is_nullable as "Null", (CASE WHEN c.udt_name = 'hstore' THEN c.udt_name ELSE c.data_type END) || (CASE WHEN c.character_maximum_length IS NOT NULL THEN '(' || c.character_maximum_length || ')' ELSE '' END) as "Type", (SELECT array_agg(e.enumlabel) FROM pg_catalog.pg_type t JOIN pg_catalog.pg_enum e ON t.oid=e.enumtypid WHERE t.typname=c.udt_name) AS "special", (SELECT pgd.description FROM pg_catalog.pg_statio_all_tables AS st INNER JOIN pg_catalog.pg_description pgd on (pgd.objoid=st.relid) WHERE c.ordinal_position=pgd.objsubid AND c.table_name=st.relname) AS "Comment" FROM information_schema.columns c LEFT JOIN (SELECT tc.table_schema, tc.table_name, cu.column_name, tc.constraint_type FROM information_schema.TABLE_CONSTRAINTS tc JOIN information_schema.KEY_COLUMN_USAGE  cu ON tc.table_schema=cu.table_schema and tc.table_name=cu.table_name and tc.constraint_name=cu.constraint_name and tc.constraint_type='PRIMARY KEY') pk ON pk.table_schema=c.table_schema AND pk.table_name=c.table_name AND pk.column_name=c.column_name WHERE c.table_name = 'Warns' AND c.table_schema = 'public' {}
[2025-07-16T13:59:48.699Z] LOG: Executing (default): SELECT DISTINCT tc.constraint_name as constraint_name, tc.constraint_schema as constraint_schema, tc.constraint_catalog as constraint_catalog, tc.table_name as table_name,tc.table_schema as table_schema,tc.table_catalog as table_catalog,tc.initially_deferred as initially_deferred,tc.is_deferrable as is_deferrable,kcu.column_name as column_name,ccu.table_schema  AS referenced_table_schema,ccu.table_catalog  AS referenced_table_catalog,ccu.table_name  AS referenced_table_name,ccu.column_name AS referenced_column_name FROM information_schema.table_constraints AS tc JOIN information_schema.key_column_usage AS kcu ON tc.constraint_name = kcu.constraint_name JOIN information_schema.constraint_column_usage AS ccu ON ccu.constraint_name = tc.constraint_name WHERE constraint_type = 'FOREIGN KEY' AND tc.table_name = 'Warns' AND tc.table_catalog = 'lewisbot' {}
[2025-07-16T13:59:48.715Z] LOG: Executing (default): ALTER TABLE "Warns" ALTER COLUMN "userId" SET NOT NULL;ALTER TABLE "Warns" ALTER COLUMN "userId" DROP DEFAULT;ALTER TABLE "Warns" ALTER COLUMN "userId" TYPE VARCHAR(255); {}
[2025-07-16T13:59:48.722Z] LOG: Executing (default): ALTER TABLE "Warns" ALTER COLUMN "moderatorId" SET NOT NULL;ALTER TABLE "Warns" ALTER COLUMN "moderatorId" DROP DEFAULT;ALTER TABLE "Warns" ALTER COLUMN "moderatorId" TYPE VARCHAR(255); {}
[2025-07-16T13:59:48.747Z] LOG: Executing (default): ALTER TABLE "Warns" ALTER COLUMN "reason" DROP NOT NULL;ALTER TABLE "Warns" ALTER COLUMN "reason" SET DEFAULT 'Не указана';ALTER TABLE "Warns" ALTER COLUMN "reason" TYPE TEXT; {}
[2025-07-16T13:59:48.767Z] LOG: Executing (default): ALTER TABLE "Warns" ALTER COLUMN "guildId" SET NOT NULL;ALTER TABLE "Warns" ALTER COLUMN "guildId" DROP DEFAULT;ALTER TABLE "Warns" ALTER COLUMN "guildId" TYPE VARCHAR(255); {}
[2025-07-16T13:59:48.776Z] LOG: Executing (default): ALTER TABLE "Warns" ALTER COLUMN "createdAt" SET NOT NULL;ALTER TABLE "Warns" ALTER COLUMN "createdAt" DROP DEFAULT;ALTER TABLE "Warns" ALTER COLUMN "createdAt" TYPE TIMESTAMP WITH TIME ZONE; {}
[2025-07-16T13:59:48.784Z] LOG: Executing (default): SELECT i.relname AS name, ix.indisprimary AS primary, ix.indisunique AS unique, ix.indkey AS indkey, array_agg(a.attnum) as column_indexes, array_agg(a.attname) AS column_names, pg_get_indexdef(ix.indexrelid) AS definition FROM pg_class t, pg_class i, pg_index ix, pg_attribute a WHERE t.oid = ix.indrelid AND i.oid = ix.indexrelid AND a.attrelid = t.oid AND t.relkind = 'r' and t.relname = 'Warns' GROUP BY i.relname, ix.indexrelid, ix.indisprimary, ix.indisunique, ix.indkey ORDER BY i.relname; {}
[2025-07-16T13:59:50.928Z] LOG: Завершение работы бота... {}
[2025-07-16T13:59:52.529Z] LOG: Начинаю регистрацию команд... {}
[2025-07-16T13:59:52.953Z] LOG: Команды зарегистрированы для гильдии 1343586237868544052 {}
[2025-07-16T13:59:52.954Z] LOG: Успешно зарегистрировано 3 команд! {}
[2025-07-16T13:59:53.581Z] LOG: Executing (default): SELECT 1+1 AS result {}
[2025-07-16T13:59:53.583Z] LOG: Подключение к PostgreSQL успешно установлено {}
[2025-07-16T13:59:53.586Z] LOG: Executing (default): SELECT table_name FROM information_schema.tables WHERE table_schema = 'public' AND table_name = 'Warns' {}
[2025-07-16T13:59:53.594Z] LOG: Executing (default): SELECT pk.constraint_type as "Constraint",c.column_name as "Field", c.column_default as "Default",c.is_nullable as "Null", (CASE WHEN c.udt_name = 'hstore' THEN c.udt_name ELSE c.data_type END) || (CASE WHEN c.character_maximum_length IS NOT NULL THEN '(' || c.character_maximum_length || ')' ELSE '' END) as "Type", (SELECT array_agg(e.enumlabel) FROM pg_catalog.pg_type t JOIN pg_catalog.pg_enum e ON t.oid=e.enumtypid WHERE t.typname=c.udt_name) AS "special", (SELECT pgd.description FROM pg_catalog.pg_statio_all_tables AS st INNER JOIN pg_catalog.pg_description pgd on (pgd.objoid=st.relid) WHERE c.ordinal_position=pgd.objsubid AND c.table_name=st.relname) AS "Comment" FROM information_schema.columns c LEFT JOIN (SELECT tc.table_schema, tc.table_name, cu.column_name, tc.constraint_type FROM information_schema.TABLE_CONSTRAINTS tc JOIN information_schema.KEY_COLUMN_USAGE  cu ON tc.table_schema=cu.table_schema and tc.table_name=cu.table_name and tc.constraint_name=cu.constraint_name and tc.constraint_type='PRIMARY KEY') pk ON pk.table_schema=c.table_schema AND pk.table_name=c.table_name AND pk.column_name=c.column_name WHERE c.table_name = 'Warns' AND c.table_schema = 'public' {}
[2025-07-16T13:59:53.644Z] LOG: Executing (default): SELECT DISTINCT tc.constraint_name as constraint_name, tc.constraint_schema as constraint_schema, tc.constraint_catalog as constraint_catalog, tc.table_name as table_name,tc.table_schema as table_schema,tc.table_catalog as table_catalog,tc.initially_deferred as initially_deferred,tc.is_deferrable as is_deferrable,kcu.column_name as column_name,ccu.table_schema  AS referenced_table_schema,ccu.table_catalog  AS referenced_table_catalog,ccu.table_name  AS referenced_table_name,ccu.column_name AS referenced_column_name FROM information_schema.table_constraints AS tc JOIN information_schema.key_column_usage AS kcu ON tc.constraint_name = kcu.constraint_name JOIN information_schema.constraint_column_usage AS ccu ON ccu.constraint_name = tc.constraint_name WHERE constraint_type = 'FOREIGN KEY' AND tc.table_name = 'Warns' AND tc.table_catalog = 'lewisbot' {}
[2025-07-16T13:59:53.663Z] LOG: Executing (default): ALTER TABLE "Warns" ALTER COLUMN "userId" SET NOT NULL;ALTER TABLE "Warns" ALTER COLUMN "userId" DROP DEFAULT;ALTER TABLE "Warns" ALTER COLUMN "userId" TYPE VARCHAR(255); {}
[2025-07-16T13:59:53.681Z] LOG: Executing (default): ALTER TABLE "Warns" ALTER COLUMN "moderatorId" SET NOT NULL;ALTER TABLE "Warns" ALTER COLUMN "moderatorId" DROP DEFAULT;ALTER TABLE "Warns" ALTER COLUMN "moderatorId" TYPE VARCHAR(255); {}
[2025-07-16T13:59:53.686Z] LOG: Executing (default): ALTER TABLE "Warns" ALTER COLUMN "reason" DROP NOT NULL;ALTER TABLE "Warns" ALTER COLUMN "reason" SET DEFAULT 'Не указана';ALTER TABLE "Warns" ALTER COLUMN "reason" TYPE TEXT; {}
[2025-07-16T13:59:53.694Z] LOG: Executing (default): ALTER TABLE "Warns" ALTER COLUMN "guildId" SET NOT NULL;ALTER TABLE "Warns" ALTER COLUMN "guildId" DROP DEFAULT;ALTER TABLE "Warns" ALTER COLUMN "guildId" TYPE VARCHAR(255); {}
[2025-07-16T13:59:53.697Z] LOG: Executing (default): ALTER TABLE "Warns" ALTER COLUMN "createdAt" SET NOT NULL;ALTER TABLE "Warns" ALTER COLUMN "createdAt" DROP DEFAULT;ALTER TABLE "Warns" ALTER COLUMN "createdAt" TYPE TIMESTAMP WITH TIME ZONE; {}
[2025-07-16T13:59:53.702Z] LOG: Executing (default): SELECT i.relname AS name, ix.indisprimary AS primary, ix.indisunique AS unique, ix.indkey AS indkey, array_agg(a.attnum) as column_indexes, array_agg(a.attname) AS column_names, pg_get_indexdef(ix.indexrelid) AS definition FROM pg_class t, pg_class i, pg_index ix, pg_attribute a WHERE t.oid = ix.indrelid AND i.oid = ix.indexrelid AND a.attrelid = t.oid AND t.relkind = 'r' and t.relname = 'Warns' GROUP BY i.relname, ix.indexrelid, ix.indisprimary, ix.indisunique, ix.indkey ORDER BY i.relname; {}
[2025-07-16T14:00:02.632Z] LOG: Завершение работы бота... {}
[2025-07-16T14:00:11.066Z] LOG: Начинаю регистрацию команд... {}
[2025-07-16T14:00:12.129Z] LOG: Executing (default): SELECT 1+1 AS result {}
[2025-07-16T14:00:12.131Z] LOG: Подключение к PostgreSQL успешно установлено {}
[2025-07-16T14:00:12.134Z] LOG: Executing (default): SELECT table_name FROM information_schema.tables WHERE table_schema = 'public' AND table_name = 'Warns' {}
[2025-07-16T14:00:12.142Z] LOG: Executing (default): SELECT pk.constraint_type as "Constraint",c.column_name as "Field", c.column_default as "Default",c.is_nullable as "Null", (CASE WHEN c.udt_name = 'hstore' THEN c.udt_name ELSE c.data_type END) || (CASE WHEN c.character_maximum_length IS NOT NULL THEN '(' || c.character_maximum_length || ')' ELSE '' END) as "Type", (SELECT array_agg(e.enumlabel) FROM pg_catalog.pg_type t JOIN pg_catalog.pg_enum e ON t.oid=e.enumtypid WHERE t.typname=c.udt_name) AS "special", (SELECT pgd.description FROM pg_catalog.pg_statio_all_tables AS st INNER JOIN pg_catalog.pg_description pgd on (pgd.objoid=st.relid) WHERE c.ordinal_position=pgd.objsubid AND c.table_name=st.relname) AS "Comment" FROM information_schema.columns c LEFT JOIN (SELECT tc.table_schema, tc.table_name, cu.column_name, tc.constraint_type FROM information_schema.TABLE_CONSTRAINTS tc JOIN information_schema.KEY_COLUMN_USAGE  cu ON tc.table_schema=cu.table_schema and tc.table_name=cu.table_name and tc.constraint_name=cu.constraint_name and tc.constraint_type='PRIMARY KEY') pk ON pk.table_schema=c.table_schema AND pk.table_name=c.table_name AND pk.column_name=c.column_name WHERE c.table_name = 'Warns' AND c.table_schema = 'public' {}
[2025-07-16T14:00:12.182Z] LOG: Executing (default): SELECT DISTINCT tc.constraint_name as constraint_name, tc.constraint_schema as constraint_schema, tc.constraint_catalog as constraint_catalog, tc.table_name as table_name,tc.table_schema as table_schema,tc.table_catalog as table_catalog,tc.initially_deferred as initially_deferred,tc.is_deferrable as is_deferrable,kcu.column_name as column_name,ccu.table_schema  AS referenced_table_schema,ccu.table_catalog  AS referenced_table_catalog,ccu.table_name  AS referenced_table_name,ccu.column_name AS referenced_column_name FROM information_schema.table_constraints AS tc JOIN information_schema.key_column_usage AS kcu ON tc.constraint_name = kcu.constraint_name JOIN information_schema.constraint_column_usage AS ccu ON ccu.constraint_name = tc.constraint_name WHERE constraint_type = 'FOREIGN KEY' AND tc.table_name = 'Warns' AND tc.table_catalog = 'lewisbot' {}
[2025-07-16T14:00:12.198Z] LOG: Executing (default): ALTER TABLE "Warns" ALTER COLUMN "userId" SET NOT NULL;ALTER TABLE "Warns" ALTER COLUMN "userId" DROP DEFAULT;ALTER TABLE "Warns" ALTER COLUMN "userId" TYPE VARCHAR(255); {}
[2025-07-16T14:00:12.208Z] LOG: Executing (default): ALTER TABLE "Warns" ALTER COLUMN "moderatorId" SET NOT NULL;ALTER TABLE "Warns" ALTER COLUMN "moderatorId" DROP DEFAULT;ALTER TABLE "Warns" ALTER COLUMN "moderatorId" TYPE VARCHAR(255); {}
[2025-07-16T14:00:12.212Z] LOG: Executing (default): ALTER TABLE "Warns" ALTER COLUMN "reason" DROP NOT NULL;ALTER TABLE "Warns" ALTER COLUMN "reason" SET DEFAULT 'Не указана';ALTER TABLE "Warns" ALTER COLUMN "reason" TYPE TEXT; {}
[2025-07-16T14:00:12.218Z] LOG: Executing (default): ALTER TABLE "Warns" ALTER COLUMN "guildId" SET NOT NULL;ALTER TABLE "Warns" ALTER COLUMN "guildId" DROP DEFAULT;ALTER TABLE "Warns" ALTER COLUMN "guildId" TYPE VARCHAR(255); {}
[2025-07-16T14:00:12.221Z] LOG: Executing (default): ALTER TABLE "Warns" ALTER COLUMN "createdAt" SET NOT NULL;ALTER TABLE "Warns" ALTER COLUMN "createdAt" DROP DEFAULT;ALTER TABLE "Warns" ALTER COLUMN "createdAt" TYPE TIMESTAMP WITH TIME ZONE; {}
[2025-07-16T14:00:12.223Z] LOG: Executing (default): SELECT i.relname AS name, ix.indisprimary AS primary, ix.indisunique AS unique, ix.indkey AS indkey, array_agg(a.attnum) as column_indexes, array_agg(a.attname) AS column_names, pg_get_indexdef(ix.indexrelid) AS definition FROM pg_class t, pg_class i, pg_index ix, pg_attribute a WHERE t.oid = ix.indrelid AND i.oid = ix.indexrelid AND a.attrelid = t.oid AND t.relkind = 'r' and t.relname = 'Warns' GROUP BY i.relname, ix.indexrelid, ix.indisprimary, ix.indisunique, ix.indkey ORDER BY i.relname; {}
[2025-07-16T14:00:50.983Z] LOG: Команды зарегистрированы для гильдии 1343586237868544052 {}
[2025-07-16T14:00:50.984Z] LOG: Успешно зарегистрировано 3 команд! {}
[2025-07-16T14:00:53.675Z] LOG: Завершение работы бота... {}
[2025-07-16T14:00:56.092Z] LOG: Начинаю регистрацию команд... {}
[2025-07-16T14:00:56.579Z] LOG: Команды зарегистрированы для гильдии 1343586237868544052 {}
[2025-07-16T14:00:56.580Z] LOG: Успешно зарегистрировано 3 команд! {}
[2025-07-16T14:00:57.160Z] LOG: Executing (default): SELECT 1+1 AS result {}
[2025-07-16T14:00:57.162Z] LOG: Подключение к PostgreSQL успешно установлено {}
[2025-07-16T14:00:57.166Z] LOG: Executing (default): SELECT table_name FROM information_schema.tables WHERE table_schema = 'public' AND table_name = 'Warns' {}
[2025-07-16T14:00:57.177Z] LOG: Executing (default): SELECT pk.constraint_type as "Constraint",c.column_name as "Field", c.column_default as "Default",c.is_nullable as "Null", (CASE WHEN c.udt_name = 'hstore' THEN c.udt_name ELSE c.data_type END) || (CASE WHEN c.character_maximum_length IS NOT NULL THEN '(' || c.character_maximum_length || ')' ELSE '' END) as "Type", (SELECT array_agg(e.enumlabel) FROM pg_catalog.pg_type t JOIN pg_catalog.pg_enum e ON t.oid=e.enumtypid WHERE t.typname=c.udt_name) AS "special", (SELECT pgd.description FROM pg_catalog.pg_statio_all_tables AS st INNER JOIN pg_catalog.pg_description pgd on (pgd.objoid=st.relid) WHERE c.ordinal_position=pgd.objsubid AND c.table_name=st.relname) AS "Comment" FROM information_schema.columns c LEFT JOIN (SELECT tc.table_schema, tc.table_name, cu.column_name, tc.constraint_type FROM information_schema.TABLE_CONSTRAINTS tc JOIN information_schema.KEY_COLUMN_USAGE  cu ON tc.table_schema=cu.table_schema and tc.table_name=cu.table_name and tc.constraint_name=cu.constraint_name and tc.constraint_type='PRIMARY KEY') pk ON pk.table_schema=c.table_schema AND pk.table_name=c.table_name AND pk.column_name=c.column_name WHERE c.table_name = 'Warns' AND c.table_schema = 'public' {}
[2025-07-16T14:00:57.218Z] LOG: Executing (default): SELECT DISTINCT tc.constraint_name as constraint_name, tc.constraint_schema as constraint_schema, tc.constraint_catalog as constraint_catalog, tc.table_name as table_name,tc.table_schema as table_schema,tc.table_catalog as table_catalog,tc.initially_deferred as initially_deferred,tc.is_deferrable as is_deferrable,kcu.column_name as column_name,ccu.table_schema  AS referenced_table_schema,ccu.table_catalog  AS referenced_table_catalog,ccu.table_name  AS referenced_table_name,ccu.column_name AS referenced_column_name FROM information_schema.table_constraints AS tc JOIN information_schema.key_column_usage AS kcu ON tc.constraint_name = kcu.constraint_name JOIN information_schema.constraint_column_usage AS ccu ON ccu.constraint_name = tc.constraint_name WHERE constraint_type = 'FOREIGN KEY' AND tc.table_name = 'Warns' AND tc.table_catalog = 'lewisbot' {}
[2025-07-16T14:00:57.230Z] LOG: Executing (default): ALTER TABLE "Warns" ALTER COLUMN "userId" SET NOT NULL;ALTER TABLE "Warns" ALTER COLUMN "userId" DROP DEFAULT;ALTER TABLE "Warns" ALTER COLUMN "userId" TYPE VARCHAR(255); {}
[2025-07-16T14:00:57.235Z] LOG: Executing (default): ALTER TABLE "Warns" ALTER COLUMN "moderatorId" SET NOT NULL;ALTER TABLE "Warns" ALTER COLUMN "moderatorId" DROP DEFAULT;ALTER TABLE "Warns" ALTER COLUMN "moderatorId" TYPE VARCHAR(255); {}
[2025-07-16T14:00:57.243Z] LOG: Executing (default): ALTER TABLE "Warns" ALTER COLUMN "reason" DROP NOT NULL;ALTER TABLE "Warns" ALTER COLUMN "reason" SET DEFAULT 'Не указана';ALTER TABLE "Warns" ALTER COLUMN "reason" TYPE TEXT; {}
[2025-07-16T14:00:57.250Z] LOG: Executing (default): ALTER TABLE "Warns" ALTER COLUMN "guildId" SET NOT NULL;ALTER TABLE "Warns" ALTER COLUMN "guildId" DROP DEFAULT;ALTER TABLE "Warns" ALTER COLUMN "guildId" TYPE VARCHAR(255); {}
[2025-07-16T14:00:57.253Z] LOG: Executing (default): ALTER TABLE "Warns" ALTER COLUMN "createdAt" SET NOT NULL;ALTER TABLE "Warns" ALTER COLUMN "createdAt" DROP DEFAULT;ALTER TABLE "Warns" ALTER COLUMN "createdAt" TYPE TIMESTAMP WITH TIME ZONE; {}
[2025-07-16T14:00:57.257Z] LOG: Executing (default): SELECT i.relname AS name, ix.indisprimary AS primary, ix.indisunique AS unique, ix.indkey AS indkey, array_agg(a.attnum) as column_indexes, array_agg(a.attname) AS column_names, pg_get_indexdef(ix.indexrelid) AS definition FROM pg_class t, pg_class i, pg_index ix, pg_attribute a WHERE t.oid = ix.indrelid AND i.oid = ix.indexrelid AND a.attrelid = t.oid AND t.relkind = 'r' and t.relname = 'Warns' GROUP BY i.relname, ix.indexrelid, ix.indisprimary, ix.indisunique, ix.indkey ORDER BY i.relname; {}
[2025-07-16T14:11:44.829Z] LOG: Завершение работы бота... {}
[2025-07-16T14:12:08.008Z] LOG: Начинаю регистрацию команд... {}
[2025-07-16T14:12:08.429Z] LOG: Команды зарегистрированы для гильдии 1343586237868544052 {}
[2025-07-16T14:12:08.430Z] LOG: Успешно зарегистрировано 3 команд! {}
[2025-07-16T14:12:09.065Z] LOG: Executing (default): SELECT 1+1 AS result {}
[2025-07-16T14:12:09.068Z] LOG: Подключение к PostgreSQL успешно установлено {}
[2025-07-16T14:12:09.072Z] LOG: Executing (default): SELECT table_name FROM information_schema.tables WHERE table_schema = 'public' AND table_name = 'Warns' {}
[2025-07-16T14:12:09.090Z] LOG: Executing (default): SELECT pk.constraint_type as "Constraint",c.column_name as "Field", c.column_default as "Default",c.is_nullable as "Null", (CASE WHEN c.udt_name = 'hstore' THEN c.udt_name ELSE c.data_type END) || (CASE WHEN c.character_maximum_length IS NOT NULL THEN '(' || c.character_maximum_length || ')' ELSE '' END) as "Type", (SELECT array_agg(e.enumlabel) FROM pg_catalog.pg_type t JOIN pg_catalog.pg_enum e ON t.oid=e.enumtypid WHERE t.typname=c.udt_name) AS "special", (SELECT pgd.description FROM pg_catalog.pg_statio_all_tables AS st INNER JOIN pg_catalog.pg_description pgd on (pgd.objoid=st.relid) WHERE c.ordinal_position=pgd.objsubid AND c.table_name=st.relname) AS "Comment" FROM information_schema.columns c LEFT JOIN (SELECT tc.table_schema, tc.table_name, cu.column_name, tc.constraint_type FROM information_schema.TABLE_CONSTRAINTS tc JOIN information_schema.KEY_COLUMN_USAGE  cu ON tc.table_schema=cu.table_schema and tc.table_name=cu.table_name and tc.constraint_name=cu.constraint_name and tc.constraint_type='PRIMARY KEY') pk ON pk.table_schema=c.table_schema AND pk.table_name=c.table_name AND pk.column_name=c.column_name WHERE c.table_name = 'Warns' AND c.table_schema = 'public' {}
[2025-07-16T14:12:09.190Z] LOG: Executing (default): SELECT DISTINCT tc.constraint_name as constraint_name, tc.constraint_schema as constraint_schema, tc.constraint_catalog as constraint_catalog, tc.table_name as table_name,tc.table_schema as table_schema,tc.table_catalog as table_catalog,tc.initially_deferred as initially_deferred,tc.is_deferrable as is_deferrable,kcu.column_name as column_name,ccu.table_schema  AS referenced_table_schema,ccu.table_catalog  AS referenced_table_catalog,ccu.table_name  AS referenced_table_name,ccu.column_name AS referenced_column_name FROM information_schema.table_constraints AS tc JOIN information_schema.key_column_usage AS kcu ON tc.constraint_name = kcu.constraint_name JOIN information_schema.constraint_column_usage AS ccu ON ccu.constraint_name = tc.constraint_name WHERE constraint_type = 'FOREIGN KEY' AND tc.table_name = 'Warns' AND tc.table_catalog = 'lewisbot' {}
[2025-07-16T14:12:09.203Z] LOG: Executing (default): ALTER TABLE "Warns" ALTER COLUMN "userId" SET NOT NULL;ALTER TABLE "Warns" ALTER COLUMN "userId" DROP DEFAULT;ALTER TABLE "Warns" ALTER COLUMN "userId" TYPE VARCHAR(255); {}
[2025-07-16T14:12:09.213Z] LOG: Executing (default): ALTER TABLE "Warns" ALTER COLUMN "moderatorId" SET NOT NULL;ALTER TABLE "Warns" ALTER COLUMN "moderatorId" DROP DEFAULT;ALTER TABLE "Warns" ALTER COLUMN "moderatorId" TYPE VARCHAR(255); {}
[2025-07-16T14:12:09.216Z] LOG: Executing (default): ALTER TABLE "Warns" ALTER COLUMN "reason" DROP NOT NULL;ALTER TABLE "Warns" ALTER COLUMN "reason" SET DEFAULT 'Не указана';ALTER TABLE "Warns" ALTER COLUMN "reason" TYPE TEXT; {}
[2025-07-16T14:12:09.224Z] LOG: Executing (default): ALTER TABLE "Warns" ALTER COLUMN "guildId" SET NOT NULL;ALTER TABLE "Warns" ALTER COLUMN "guildId" DROP DEFAULT;ALTER TABLE "Warns" ALTER COLUMN "guildId" TYPE VARCHAR(255); {}
[2025-07-16T14:12:09.234Z] LOG: Executing (default): ALTER TABLE "Warns" ALTER COLUMN "createdAt" SET NOT NULL;ALTER TABLE "Warns" ALTER COLUMN "createdAt" DROP DEFAULT;ALTER TABLE "Warns" ALTER COLUMN "createdAt" TYPE TIMESTAMP WITH TIME ZONE; {}
[2025-07-16T14:12:09.239Z] LOG: Executing (default): SELECT i.relname AS name, ix.indisprimary AS primary, ix.indisunique AS unique, ix.indkey AS indkey, array_agg(a.attnum) as column_indexes, array_agg(a.attname) AS column_names, pg_get_indexdef(ix.indexrelid) AS definition FROM pg_class t, pg_class i, pg_index ix, pg_attribute a WHERE t.oid = ix.indrelid AND i.oid = ix.indexrelid AND a.attrelid = t.oid AND t.relkind = 'r' and t.relname = 'Warns' GROUP BY i.relname, ix.indexrelid, ix.indisprimary, ix.indisunique, ix.indkey ORDER BY i.relname; {}
[2025-07-16T14:16:35.780Z] LOG: Завершение работы бота... {}
[2025-07-17T06:39:07.433Z] LOG: Начинаю регистрацию команд... {}
[2025-07-17T06:39:07.981Z] LOG: Команды зарегистрированы для гильдии 1343586237868544052 {}
[2025-07-17T06:39:07.982Z] LOG: Успешно зарегистрировано 3 команд! {}
[2025-07-17T06:39:08.450Z] LOG: Executing (default): SELECT 1+1 AS result {}
[2025-07-17T06:39:08.452Z] LOG: Подключение к PostgreSQL успешно установлено {}
[2025-07-17T06:39:08.455Z] LOG: Executing (default): SELECT table_name FROM information_schema.tables WHERE table_schema = 'public' AND table_name = 'Warns' {}
[2025-07-17T06:39:08.541Z] LOG: Executing (default): SELECT pk.constraint_type as "Constraint",c.column_name as "Field", c.column_default as "Default",c.is_nullable as "Null", (CASE WHEN c.udt_name = 'hstore' THEN c.udt_name ELSE c.data_type END) || (CASE WHEN c.character_maximum_length IS NOT NULL THEN '(' || c.character_maximum_length || ')' ELSE '' END) as "Type", (SELECT array_agg(e.enumlabel) FROM pg_catalog.pg_type t JOIN pg_catalog.pg_enum e ON t.oid=e.enumtypid WHERE t.typname=c.udt_name) AS "special", (SELECT pgd.description FROM pg_catalog.pg_statio_all_tables AS st INNER JOIN pg_catalog.pg_description pgd on (pgd.objoid=st.relid) WHERE c.ordinal_position=pgd.objsubid AND c.table_name=st.relname) AS "Comment" FROM information_schema.columns c LEFT JOIN (SELECT tc.table_schema, tc.table_name, cu.column_name, tc.constraint_type FROM information_schema.TABLE_CONSTRAINTS tc JOIN information_schema.KEY_COLUMN_USAGE  cu ON tc.table_schema=cu.table_schema and tc.table_name=cu.table_name and tc.constraint_name=cu.constraint_name and tc.constraint_type='PRIMARY KEY') pk ON pk.table_schema=c.table_schema AND pk.table_name=c.table_name AND pk.column_name=c.column_name WHERE c.table_name = 'Warns' AND c.table_schema = 'public' {}
[2025-07-17T06:39:08.762Z] LOG: Executing (default): SELECT DISTINCT tc.constraint_name as constraint_name, tc.constraint_schema as constraint_schema, tc.constraint_catalog as constraint_catalog, tc.table_name as table_name,tc.table_schema as table_schema,tc.table_catalog as table_catalog,tc.initially_deferred as initially_deferred,tc.is_deferrable as is_deferrable,kcu.column_name as column_name,ccu.table_schema  AS referenced_table_schema,ccu.table_catalog  AS referenced_table_catalog,ccu.table_name  AS referenced_table_name,ccu.column_name AS referenced_column_name FROM information_schema.table_constraints AS tc JOIN information_schema.key_column_usage AS kcu ON tc.constraint_name = kcu.constraint_name JOIN information_schema.constraint_column_usage AS ccu ON ccu.constraint_name = tc.constraint_name WHERE constraint_type = 'FOREIGN KEY' AND tc.table_name = 'Warns' AND tc.table_catalog = 'lewisbot' {}
[2025-07-17T06:39:08.771Z] LOG: Executing (default): ALTER TABLE "Warns" ALTER COLUMN "userId" SET NOT NULL;ALTER TABLE "Warns" ALTER COLUMN "userId" DROP DEFAULT;ALTER TABLE "Warns" ALTER COLUMN "userId" TYPE VARCHAR(255); {}
[2025-07-17T06:39:08.806Z] LOG: Executing (default): ALTER TABLE "Warns" ALTER COLUMN "moderatorId" SET NOT NULL;ALTER TABLE "Warns" ALTER COLUMN "moderatorId" DROP DEFAULT;ALTER TABLE "Warns" ALTER COLUMN "moderatorId" TYPE VARCHAR(255); {}
[2025-07-17T06:39:08.810Z] LOG: Executing (default): ALTER TABLE "Warns" ALTER COLUMN "reason" DROP NOT NULL;ALTER TABLE "Warns" ALTER COLUMN "reason" SET DEFAULT 'Не указана';ALTER TABLE "Warns" ALTER COLUMN "reason" TYPE TEXT; {}
[2025-07-17T06:39:08.850Z] LOG: Executing (default): ALTER TABLE "Warns" ALTER COLUMN "guildId" SET NOT NULL;ALTER TABLE "Warns" ALTER COLUMN "guildId" DROP DEFAULT;ALTER TABLE "Warns" ALTER COLUMN "guildId" TYPE VARCHAR(255); {}
[2025-07-17T06:39:08.852Z] LOG: Executing (default): ALTER TABLE "Warns" ALTER COLUMN "createdAt" SET NOT NULL;ALTER TABLE "Warns" ALTER COLUMN "createdAt" DROP DEFAULT;ALTER TABLE "Warns" ALTER COLUMN "createdAt" TYPE TIMESTAMP WITH TIME ZONE; {}
[2025-07-17T06:39:08.858Z] LOG: Executing (default): SELECT i.relname AS name, ix.indisprimary AS primary, ix.indisunique AS unique, ix.indkey AS indkey, array_agg(a.attnum) as column_indexes, array_agg(a.attname) AS column_names, pg_get_indexdef(ix.indexrelid) AS definition FROM pg_class t, pg_class i, pg_index ix, pg_attribute a WHERE t.oid = ix.indrelid AND i.oid = ix.indexrelid AND a.attrelid = t.oid AND t.relkind = 'r' and t.relname = 'Warns' GROUP BY i.relname, ix.indexrelid, ix.indisprimary, ix.indisunique, ix.indkey ORDER BY i.relname; {}
[2025-07-17T06:55:34.801Z] LOG: Завершение работы бота... {}
[2025-07-17T06:55:46.735Z] LOG: Начинаю регистрацию команд... {}
[2025-07-17T06:55:47.263Z] LOG: Команды зарегистрированы для гильдии 1343586237868544052 {}
[2025-07-17T06:55:47.264Z] LOG: Успешно зарегистрировано 3 команд! {}
[2025-07-17T06:55:47.841Z] LOG: Executing (default): SELECT 1+1 AS result {}
[2025-07-17T06:55:47.843Z] LOG: Подключение к PostgreSQL успешно установлено {}
[2025-07-17T06:55:47.848Z] LOG: Executing (default): SELECT table_name FROM information_schema.tables WHERE table_schema = 'public' AND table_name = 'Warns' {}
[2025-07-17T06:55:47.862Z] LOG: Executing (default): SELECT pk.constraint_type as "Constraint",c.column_name as "Field", c.column_default as "Default",c.is_nullable as "Null", (CASE WHEN c.udt_name = 'hstore' THEN c.udt_name ELSE c.data_type END) || (CASE WHEN c.character_maximum_length IS NOT NULL THEN '(' || c.character_maximum_length || ')' ELSE '' END) as "Type", (SELECT array_agg(e.enumlabel) FROM pg_catalog.pg_type t JOIN pg_catalog.pg_enum e ON t.oid=e.enumtypid WHERE t.typname=c.udt_name) AS "special", (SELECT pgd.description FROM pg_catalog.pg_statio_all_tables AS st INNER JOIN pg_catalog.pg_description pgd on (pgd.objoid=st.relid) WHERE c.ordinal_position=pgd.objsubid AND c.table_name=st.relname) AS "Comment" FROM information_schema.columns c LEFT JOIN (SELECT tc.table_schema, tc.table_name, cu.column_name, tc.constraint_type FROM information_schema.TABLE_CONSTRAINTS tc JOIN information_schema.KEY_COLUMN_USAGE  cu ON tc.table_schema=cu.table_schema and tc.table_name=cu.table_name and tc.constraint_name=cu.constraint_name and tc.constraint_type='PRIMARY KEY') pk ON pk.table_schema=c.table_schema AND pk.table_name=c.table_name AND pk.column_name=c.column_name WHERE c.table_name = 'Warns' AND c.table_schema = 'public' {}
[2025-07-17T06:55:47.946Z] LOG: Executing (default): SELECT DISTINCT tc.constraint_name as constraint_name, tc.constraint_schema as constraint_schema, tc.constraint_catalog as constraint_catalog, tc.table_name as table_name,tc.table_schema as table_schema,tc.table_catalog as table_catalog,tc.initially_deferred as initially_deferred,tc.is_deferrable as is_deferrable,kcu.column_name as column_name,ccu.table_schema  AS referenced_table_schema,ccu.table_catalog  AS referenced_table_catalog,ccu.table_name  AS referenced_table_name,ccu.column_name AS referenced_column_name FROM information_schema.table_constraints AS tc JOIN information_schema.key_column_usage AS kcu ON tc.constraint_name = kcu.constraint_name JOIN information_schema.constraint_column_usage AS ccu ON ccu.constraint_name = tc.constraint_name WHERE constraint_type = 'FOREIGN KEY' AND tc.table_name = 'Warns' AND tc.table_catalog = 'lewisbot' {}
[2025-07-17T06:55:47.965Z] LOG: Executing (default): ALTER TABLE "Warns" ALTER COLUMN "userId" SET NOT NULL;ALTER TABLE "Warns" ALTER COLUMN "userId" DROP DEFAULT;ALTER TABLE "Warns" ALTER COLUMN "userId" TYPE VARCHAR(255); {}
[2025-07-17T06:55:48.002Z] LOG: Executing (default): ALTER TABLE "Warns" ALTER COLUMN "moderatorId" SET NOT NULL;ALTER TABLE "Warns" ALTER COLUMN "moderatorId" DROP DEFAULT;ALTER TABLE "Warns" ALTER COLUMN "moderatorId" TYPE VARCHAR(255); {}
[2025-07-17T06:55:48.009Z] LOG: Executing (default): ALTER TABLE "Warns" ALTER COLUMN "reason" DROP NOT NULL;ALTER TABLE "Warns" ALTER COLUMN "reason" SET DEFAULT 'Не указана';ALTER TABLE "Warns" ALTER COLUMN "reason" TYPE TEXT; {}
[2025-07-17T06:55:48.018Z] LOG: Executing (default): ALTER TABLE "Warns" ALTER COLUMN "guildId" SET NOT NULL;ALTER TABLE "Warns" ALTER COLUMN "guildId" DROP DEFAULT;ALTER TABLE "Warns" ALTER COLUMN "guildId" TYPE VARCHAR(255); {}
[2025-07-17T06:55:48.024Z] LOG: Executing (default): ALTER TABLE "Warns" ALTER COLUMN "createdAt" SET NOT NULL;ALTER TABLE "Warns" ALTER COLUMN "createdAt" DROP DEFAULT;ALTER TABLE "Warns" ALTER COLUMN "createdAt" TYPE TIMESTAMP WITH TIME ZONE; {}
[2025-07-17T06:55:48.028Z] LOG: Executing (default): SELECT i.relname AS name, ix.indisprimary AS primary, ix.indisunique AS unique, ix.indkey AS indkey, array_agg(a.attnum) as column_indexes, array_agg(a.attname) AS column_names, pg_get_indexdef(ix.indexrelid) AS definition FROM pg_class t, pg_class i, pg_index ix, pg_attribute a WHERE t.oid = ix.indrelid AND i.oid = ix.indexrelid AND a.attrelid = t.oid AND t.relkind = 'r' and t.relname = 'Warns' GROUP BY i.relname, ix.indexrelid, ix.indisprimary, ix.indisunique, ix.indkey ORDER BY i.relname; {}
[2025-07-17T07:00:52.562Z] LOG: Завершение работы бота... {}
[2025-07-17T07:01:09.970Z] LOG: Начинаю регистрацию команд... {}
[2025-07-17T07:01:10.476Z] LOG: Команды зарегистрированы для гильдии 1343586237868544052 {}
[2025-07-17T07:01:10.476Z] LOG: Успешно зарегистрировано 3 команд! {}
[2025-07-17T07:01:11.171Z] LOG: Executing (default): SELECT 1+1 AS result {}
[2025-07-17T07:01:11.174Z] LOG: Подключение к PostgreSQL успешно установлено {}
[2025-07-17T07:01:11.177Z] LOG: Executing (default): SELECT table_name FROM information_schema.tables WHERE table_schema = 'public' AND table_name = 'Warns' {}
[2025-07-17T07:01:11.191Z] LOG: Executing (default): SELECT pk.constraint_type as "Constraint",c.column_name as "Field", c.column_default as "Default",c.is_nullable as "Null", (CASE WHEN c.udt_name = 'hstore' THEN c.udt_name ELSE c.data_type END) || (CASE WHEN c.character_maximum_length IS NOT NULL THEN '(' || c.character_maximum_length || ')' ELSE '' END) as "Type", (SELECT array_agg(e.enumlabel) FROM pg_catalog.pg_type t JOIN pg_catalog.pg_enum e ON t.oid=e.enumtypid WHERE t.typname=c.udt_name) AS "special", (SELECT pgd.description FROM pg_catalog.pg_statio_all_tables AS st INNER JOIN pg_catalog.pg_description pgd on (pgd.objoid=st.relid) WHERE c.ordinal_position=pgd.objsubid AND c.table_name=st.relname) AS "Comment" FROM information_schema.columns c LEFT JOIN (SELECT tc.table_schema, tc.table_name, cu.column_name, tc.constraint_type FROM information_schema.TABLE_CONSTRAINTS tc JOIN information_schema.KEY_COLUMN_USAGE  cu ON tc.table_schema=cu.table_schema and tc.table_name=cu.table_name and tc.constraint_name=cu.constraint_name and tc.constraint_type='PRIMARY KEY') pk ON pk.table_schema=c.table_schema AND pk.table_name=c.table_name AND pk.column_name=c.column_name WHERE c.table_name = 'Warns' AND c.table_schema = 'public' {}
[2025-07-17T07:01:11.283Z] LOG: Executing (default): SELECT DISTINCT tc.constraint_name as constraint_name, tc.constraint_schema as constraint_schema, tc.constraint_catalog as constraint_catalog, tc.table_name as table_name,tc.table_schema as table_schema,tc.table_catalog as table_catalog,tc.initially_deferred as initially_deferred,tc.is_deferrable as is_deferrable,kcu.column_name as column_name,ccu.table_schema  AS referenced_table_schema,ccu.table_catalog  AS referenced_table_catalog,ccu.table_name  AS referenced_table_name,ccu.column_name AS referenced_column_name FROM information_schema.table_constraints AS tc JOIN information_schema.key_column_usage AS kcu ON tc.constraint_name = kcu.constraint_name JOIN information_schema.constraint_column_usage AS ccu ON ccu.constraint_name = tc.constraint_name WHERE constraint_type = 'FOREIGN KEY' AND tc.table_name = 'Warns' AND tc.table_catalog = 'lewisbot' {}
[2025-07-17T07:01:11.302Z] LOG: Executing (default): ALTER TABLE "Warns" ALTER COLUMN "userId" SET NOT NULL;ALTER TABLE "Warns" ALTER COLUMN "userId" DROP DEFAULT;ALTER TABLE "Warns" ALTER COLUMN "userId" TYPE VARCHAR(255); {}
[2025-07-17T07:01:11.317Z] LOG: Executing (default): ALTER TABLE "Warns" ALTER COLUMN "moderatorId" SET NOT NULL;ALTER TABLE "Warns" ALTER COLUMN "moderatorId" DROP DEFAULT;ALTER TABLE "Warns" ALTER COLUMN "moderatorId" TYPE VARCHAR(255); {}
[2025-07-17T07:01:11.324Z] LOG: Executing (default): ALTER TABLE "Warns" ALTER COLUMN "reason" DROP NOT NULL;ALTER TABLE "Warns" ALTER COLUMN "reason" SET DEFAULT 'Не указана';ALTER TABLE "Warns" ALTER COLUMN "reason" TYPE TEXT; {}
[2025-07-17T07:01:11.332Z] LOG: Executing (default): ALTER TABLE "Warns" ALTER COLUMN "guildId" SET NOT NULL;ALTER TABLE "Warns" ALTER COLUMN "guildId" DROP DEFAULT;ALTER TABLE "Warns" ALTER COLUMN "guildId" TYPE VARCHAR(255); {}
[2025-07-17T07:01:11.336Z] LOG: Executing (default): ALTER TABLE "Warns" ALTER COLUMN "createdAt" SET NOT NULL;ALTER TABLE "Warns" ALTER COLUMN "createdAt" DROP DEFAULT;ALTER TABLE "Warns" ALTER COLUMN "createdAt" TYPE TIMESTAMP WITH TIME ZONE; {}
[2025-07-17T07:01:11.343Z] LOG: Executing (default): SELECT i.relname AS name, ix.indisprimary AS primary, ix.indisunique AS unique, ix.indkey AS indkey, array_agg(a.attnum) as column_indexes, array_agg(a.attname) AS column_names, pg_get_indexdef(ix.indexrelid) AS definition FROM pg_class t, pg_class i, pg_index ix, pg_attribute a WHERE t.oid = ix.indrelid AND i.oid = ix.indexrelid AND a.attrelid = t.oid AND t.relkind = 'r' and t.relname = 'Warns' GROUP BY i.relname, ix.indexrelid, ix.indisprimary, ix.indisunique, ix.indkey ORDER BY i.relname; {}
[2025-07-17T07:03:29.686Z] LOG: Завершение работы бота... {}
[2025-07-17T07:03:34.914Z] LOG: Начинаю регистрацию команд... {}
[2025-07-17T07:03:35.368Z] LOG: Команды зарегистрированы для гильдии 1343586237868544052 {}
[2025-07-17T07:03:35.368Z] LOG: Успешно зарегистрировано 3 команд! {}
[2025-07-17T07:03:36.065Z] LOG: Executing (default): SELECT 1+1 AS result {}
[2025-07-17T07:03:36.067Z] LOG: Подключение к PostgreSQL успешно установлено {}
[2025-07-17T07:03:36.072Z] LOG: Executing (default): SELECT table_name FROM information_schema.tables WHERE table_schema = 'public' AND table_name = 'Warns' {}
[2025-07-17T07:03:36.092Z] LOG: Executing (default): SELECT pk.constraint_type as "Constraint",c.column_name as "Field", c.column_default as "Default",c.is_nullable as "Null", (CASE WHEN c.udt_name = 'hstore' THEN c.udt_name ELSE c.data_type END) || (CASE WHEN c.character_maximum_length IS NOT NULL THEN '(' || c.character_maximum_length || ')' ELSE '' END) as "Type", (SELECT array_agg(e.enumlabel) FROM pg_catalog.pg_type t JOIN pg_catalog.pg_enum e ON t.oid=e.enumtypid WHERE t.typname=c.udt_name) AS "special", (SELECT pgd.description FROM pg_catalog.pg_statio_all_tables AS st INNER JOIN pg_catalog.pg_description pgd on (pgd.objoid=st.relid) WHERE c.ordinal_position=pgd.objsubid AND c.table_name=st.relname) AS "Comment" FROM information_schema.columns c LEFT JOIN (SELECT tc.table_schema, tc.table_name, cu.column_name, tc.constraint_type FROM information_schema.TABLE_CONSTRAINTS tc JOIN information_schema.KEY_COLUMN_USAGE  cu ON tc.table_schema=cu.table_schema and tc.table_name=cu.table_name and tc.constraint_name=cu.constraint_name and tc.constraint_type='PRIMARY KEY') pk ON pk.table_schema=c.table_schema AND pk.table_name=c.table_name AND pk.column_name=c.column_name WHERE c.table_name = 'Warns' AND c.table_schema = 'public' {}
[2025-07-17T07:03:36.149Z] LOG: Executing (default): SELECT DISTINCT tc.constraint_name as constraint_name, tc.constraint_schema as constraint_schema, tc.constraint_catalog as constraint_catalog, tc.table_name as table_name,tc.table_schema as table_schema,tc.table_catalog as table_catalog,tc.initially_deferred as initially_deferred,tc.is_deferrable as is_deferrable,kcu.column_name as column_name,ccu.table_schema  AS referenced_table_schema,ccu.table_catalog  AS referenced_table_catalog,ccu.table_name  AS referenced_table_name,ccu.column_name AS referenced_column_name FROM information_schema.table_constraints AS tc JOIN information_schema.key_column_usage AS kcu ON tc.constraint_name = kcu.constraint_name JOIN information_schema.constraint_column_usage AS ccu ON ccu.constraint_name = tc.constraint_name WHERE constraint_type = 'FOREIGN KEY' AND tc.table_name = 'Warns' AND tc.table_catalog = 'lewisbot' {}
[2025-07-17T07:03:36.178Z] LOG: Executing (default): ALTER TABLE "Warns" ALTER COLUMN "userId" SET NOT NULL;ALTER TABLE "Warns" ALTER COLUMN "userId" DROP DEFAULT;ALTER TABLE "Warns" ALTER COLUMN "userId" TYPE VARCHAR(255); {}
[2025-07-17T07:03:36.200Z] LOG: Executing (default): ALTER TABLE "Warns" ALTER COLUMN "moderatorId" SET NOT NULL;ALTER TABLE "Warns" ALTER COLUMN "moderatorId" DROP DEFAULT;ALTER TABLE "Warns" ALTER COLUMN "moderatorId" TYPE VARCHAR(255); {}
[2025-07-17T07:03:36.238Z] LOG: Executing (default): ALTER TABLE "Warns" ALTER COLUMN "reason" DROP NOT NULL;ALTER TABLE "Warns" ALTER COLUMN "reason" SET DEFAULT 'Не указана';ALTER TABLE "Warns" ALTER COLUMN "reason" TYPE TEXT; {}
[2025-07-17T07:03:36.244Z] LOG: Executing (default): ALTER TABLE "Warns" ALTER COLUMN "guildId" SET NOT NULL;ALTER TABLE "Warns" ALTER COLUMN "guildId" DROP DEFAULT;ALTER TABLE "Warns" ALTER COLUMN "guildId" TYPE VARCHAR(255); {}
[2025-07-17T07:03:36.255Z] LOG: Executing (default): ALTER TABLE "Warns" ALTER COLUMN "createdAt" SET NOT NULL;ALTER TABLE "Warns" ALTER COLUMN "createdAt" DROP DEFAULT;ALTER TABLE "Warns" ALTER COLUMN "createdAt" TYPE TIMESTAMP WITH TIME ZONE; {}
[2025-07-17T07:03:36.266Z] LOG: Executing (default): SELECT i.relname AS name, ix.indisprimary AS primary, ix.indisunique AS unique, ix.indkey AS indkey, array_agg(a.attnum) as column_indexes, array_agg(a.attname) AS column_names, pg_get_indexdef(ix.indexrelid) AS definition FROM pg_class t, pg_class i, pg_index ix, pg_attribute a WHERE t.oid = ix.indrelid AND i.oid = ix.indexrelid AND a.attrelid = t.oid AND t.relkind = 'r' and t.relname = 'Warns' GROUP BY i.relname, ix.indexrelid, ix.indisprimary, ix.indisunique, ix.indkey ORDER BY i.relname; {}
[2025-07-17T07:04:28.946Z] LOG: Завершение работы бота... {}
[2025-07-17T07:04:47.241Z] LOG: Начинаю регистрацию команд... {}
[2025-07-17T07:04:47.846Z] LOG: Команды зарегистрированы для гильдии 1343586237868544052 {}
[2025-07-17T07:04:47.847Z] LOG: Успешно зарегистрировано 3 команд! {}
[2025-07-17T07:04:48.635Z] LOG: Executing (default): SELECT 1+1 AS result {}
[2025-07-17T07:04:48.637Z] LOG: Подключение к PostgreSQL успешно установлено {}
[2025-07-17T07:04:48.643Z] LOG: Executing (default): SELECT table_name FROM information_schema.tables WHERE table_schema = 'public' AND table_name = 'Warns' {}
[2025-07-17T07:04:48.658Z] LOG: Executing (default): SELECT pk.constraint_type as "Constraint",c.column_name as "Field", c.column_default as "Default",c.is_nullable as "Null", (CASE WHEN c.udt_name = 'hstore' THEN c.udt_name ELSE c.data_type END) || (CASE WHEN c.character_maximum_length IS NOT NULL THEN '(' || c.character_maximum_length || ')' ELSE '' END) as "Type", (SELECT array_agg(e.enumlabel) FROM pg_catalog.pg_type t JOIN pg_catalog.pg_enum e ON t.oid=e.enumtypid WHERE t.typname=c.udt_name) AS "special", (SELECT pgd.description FROM pg_catalog.pg_statio_all_tables AS st INNER JOIN pg_catalog.pg_description pgd on (pgd.objoid=st.relid) WHERE c.ordinal_position=pgd.objsubid AND c.table_name=st.relname) AS "Comment" FROM information_schema.columns c LEFT JOIN (SELECT tc.table_schema, tc.table_name, cu.column_name, tc.constraint_type FROM information_schema.TABLE_CONSTRAINTS tc JOIN information_schema.KEY_COLUMN_USAGE  cu ON tc.table_schema=cu.table_schema and tc.table_name=cu.table_name and tc.constraint_name=cu.constraint_name and tc.constraint_type='PRIMARY KEY') pk ON pk.table_schema=c.table_schema AND pk.table_name=c.table_name AND pk.column_name=c.column_name WHERE c.table_name = 'Warns' AND c.table_schema = 'public' {}
[2025-07-17T07:04:48.769Z] LOG: Executing (default): SELECT DISTINCT tc.constraint_name as constraint_name, tc.constraint_schema as constraint_schema, tc.constraint_catalog as constraint_catalog, tc.table_name as table_name,tc.table_schema as table_schema,tc.table_catalog as table_catalog,tc.initially_deferred as initially_deferred,tc.is_deferrable as is_deferrable,kcu.column_name as column_name,ccu.table_schema  AS referenced_table_schema,ccu.table_catalog  AS referenced_table_catalog,ccu.table_name  AS referenced_table_name,ccu.column_name AS referenced_column_name FROM information_schema.table_constraints AS tc JOIN information_schema.key_column_usage AS kcu ON tc.constraint_name = kcu.constraint_name JOIN information_schema.constraint_column_usage AS ccu ON ccu.constraint_name = tc.constraint_name WHERE constraint_type = 'FOREIGN KEY' AND tc.table_name = 'Warns' AND tc.table_catalog = 'lewisbot' {}
[2025-07-17T07:04:48.782Z] LOG: Executing (default): ALTER TABLE "Warns" ALTER COLUMN "userId" SET NOT NULL;ALTER TABLE "Warns" ALTER COLUMN "userId" DROP DEFAULT;ALTER TABLE "Warns" ALTER COLUMN "userId" TYPE VARCHAR(255); {}
[2025-07-17T07:04:48.788Z] LOG: Executing (default): ALTER TABLE "Warns" ALTER COLUMN "moderatorId" SET NOT NULL;ALTER TABLE "Warns" ALTER COLUMN "moderatorId" DROP DEFAULT;ALTER TABLE "Warns" ALTER COLUMN "moderatorId" TYPE VARCHAR(255); {}
[2025-07-17T07:04:48.792Z] LOG: Executing (default): ALTER TABLE "Warns" ALTER COLUMN "reason" DROP NOT NULL;ALTER TABLE "Warns" ALTER COLUMN "reason" SET DEFAULT 'Не указана';ALTER TABLE "Warns" ALTER COLUMN "reason" TYPE TEXT; {}
[2025-07-17T07:04:48.800Z] LOG: Executing (default): ALTER TABLE "Warns" ALTER COLUMN "guildId" SET NOT NULL;ALTER TABLE "Warns" ALTER COLUMN "guildId" DROP DEFAULT;ALTER TABLE "Warns" ALTER COLUMN "guildId" TYPE VARCHAR(255); {}
[2025-07-17T07:04:48.803Z] LOG: Executing (default): ALTER TABLE "Warns" ALTER COLUMN "createdAt" SET NOT NULL;ALTER TABLE "Warns" ALTER COLUMN "createdAt" DROP DEFAULT;ALTER TABLE "Warns" ALTER COLUMN "createdAt" TYPE TIMESTAMP WITH TIME ZONE; {}
[2025-07-17T07:04:48.806Z] LOG: Executing (default): SELECT i.relname AS name, ix.indisprimary AS primary, ix.indisunique AS unique, ix.indkey AS indkey, array_agg(a.attnum) as column_indexes, array_agg(a.attname) AS column_names, pg_get_indexdef(ix.indexrelid) AS definition FROM pg_class t, pg_class i, pg_index ix, pg_attribute a WHERE t.oid = ix.indrelid AND i.oid = ix.indexrelid AND a.attrelid = t.oid AND t.relkind = 'r' and t.relname = 'Warns' GROUP BY i.relname, ix.indexrelid, ix.indisprimary, ix.indisunique, ix.indkey ORDER BY i.relname; {}
[2025-07-17T07:06:40.829Z] LOG: Завершение работы бота... {}
[2025-07-17T07:06:42.632Z] LOG: Начинаю регистрацию команд... {}
[2025-07-17T07:06:43.093Z] LOG: Команды зарегистрированы для гильдии 1343586237868544052 {}
[2025-07-17T07:06:43.094Z] LOG: Успешно зарегистрировано 3 команд! {}
[2025-07-17T07:06:44.283Z] LOG: Executing (default): SELECT 1+1 AS result {}
[2025-07-17T07:06:44.286Z] LOG: Подключение к PostgreSQL успешно установлено {}
[2025-07-17T07:06:44.291Z] LOG: Executing (default): SELECT table_name FROM information_schema.tables WHERE table_schema = 'public' AND table_name = 'Warns' {}
[2025-07-17T07:06:44.300Z] LOG: Executing (default): SELECT pk.constraint_type as "Constraint",c.column_name as "Field", c.column_default as "Default",c.is_nullable as "Null", (CASE WHEN c.udt_name = 'hstore' THEN c.udt_name ELSE c.data_type END) || (CASE WHEN c.character_maximum_length IS NOT NULL THEN '(' || c.character_maximum_length || ')' ELSE '' END) as "Type", (SELECT array_agg(e.enumlabel) FROM pg_catalog.pg_type t JOIN pg_catalog.pg_enum e ON t.oid=e.enumtypid WHERE t.typname=c.udt_name) AS "special", (SELECT pgd.description FROM pg_catalog.pg_statio_all_tables AS st INNER JOIN pg_catalog.pg_description pgd on (pgd.objoid=st.relid) WHERE c.ordinal_position=pgd.objsubid AND c.table_name=st.relname) AS "Comment" FROM information_schema.columns c LEFT JOIN (SELECT tc.table_schema, tc.table_name, cu.column_name, tc.constraint_type FROM information_schema.TABLE_CONSTRAINTS tc JOIN information_schema.KEY_COLUMN_USAGE  cu ON tc.table_schema=cu.table_schema and tc.table_name=cu.table_name and tc.constraint_name=cu.constraint_name and tc.constraint_type='PRIMARY KEY') pk ON pk.table_schema=c.table_schema AND pk.table_name=c.table_name AND pk.column_name=c.column_name WHERE c.table_name = 'Warns' AND c.table_schema = 'public' {}
[2025-07-17T07:06:44.352Z] LOG: Executing (default): SELECT DISTINCT tc.constraint_name as constraint_name, tc.constraint_schema as constraint_schema, tc.constraint_catalog as constraint_catalog, tc.table_name as table_name,tc.table_schema as table_schema,tc.table_catalog as table_catalog,tc.initially_deferred as initially_deferred,tc.is_deferrable as is_deferrable,kcu.column_name as column_name,ccu.table_schema  AS referenced_table_schema,ccu.table_catalog  AS referenced_table_catalog,ccu.table_name  AS referenced_table_name,ccu.column_name AS referenced_column_name FROM information_schema.table_constraints AS tc JOIN information_schema.key_column_usage AS kcu ON tc.constraint_name = kcu.constraint_name JOIN information_schema.constraint_column_usage AS ccu ON ccu.constraint_name = tc.constraint_name WHERE constraint_type = 'FOREIGN KEY' AND tc.table_name = 'Warns' AND tc.table_catalog = 'lewisbot' {}
[2025-07-17T07:06:44.368Z] LOG: Executing (default): ALTER TABLE "Warns" ALTER COLUMN "userId" SET NOT NULL;ALTER TABLE "Warns" ALTER COLUMN "userId" DROP DEFAULT;ALTER TABLE "Warns" ALTER COLUMN "userId" TYPE VARCHAR(255); {}
[2025-07-17T07:06:44.377Z] LOG: Executing (default): ALTER TABLE "Warns" ALTER COLUMN "moderatorId" SET NOT NULL;ALTER TABLE "Warns" ALTER COLUMN "moderatorId" DROP DEFAULT;ALTER TABLE "Warns" ALTER COLUMN "moderatorId" TYPE VARCHAR(255); {}
[2025-07-17T07:06:44.382Z] LOG: Executing (default): ALTER TABLE "Warns" ALTER COLUMN "reason" DROP NOT NULL;ALTER TABLE "Warns" ALTER COLUMN "reason" SET DEFAULT 'Не указана';ALTER TABLE "Warns" ALTER COLUMN "reason" TYPE TEXT; {}
[2025-07-17T07:06:44.387Z] LOG: Executing (default): ALTER TABLE "Warns" ALTER COLUMN "guildId" SET NOT NULL;ALTER TABLE "Warns" ALTER COLUMN "guildId" DROP DEFAULT;ALTER TABLE "Warns" ALTER COLUMN "guildId" TYPE VARCHAR(255); {}
[2025-07-17T07:06:44.391Z] LOG: Executing (default): ALTER TABLE "Warns" ALTER COLUMN "createdAt" SET NOT NULL;ALTER TABLE "Warns" ALTER COLUMN "createdAt" DROP DEFAULT;ALTER TABLE "Warns" ALTER COLUMN "createdAt" TYPE TIMESTAMP WITH TIME ZONE; {}
[2025-07-17T07:06:44.393Z] LOG: Executing (default): SELECT i.relname AS name, ix.indisprimary AS primary, ix.indisunique AS unique, ix.indkey AS indkey, array_agg(a.attnum) as column_indexes, array_agg(a.attname) AS column_names, pg_get_indexdef(ix.indexrelid) AS definition FROM pg_class t, pg_class i, pg_index ix, pg_attribute a WHERE t.oid = ix.indrelid AND i.oid = ix.indexrelid AND a.attrelid = t.oid AND t.relkind = 'r' and t.relname = 'Warns' GROUP BY i.relname, ix.indexrelid, ix.indisprimary, ix.indisunique, ix.indkey ORDER BY i.relname; {}
[2025-07-17T09:38:53.888Z] LOG: Завершение работы бота... {}
[2025-07-17T10:05:44.839Z] LOG: Начинаю регистрацию команд... {}
[2025-07-17T10:05:45.359Z] LOG: Команды зарегистрированы для гильдии 1343586237868544052 {}
[2025-07-17T10:05:45.359Z] LOG: Успешно зарегистрировано 3 команд! {}
[2025-07-17T10:05:46.010Z] LOG: Executing (default): SELECT 1+1 AS result {}
[2025-07-17T10:05:46.012Z] LOG: Подключение к PostgreSQL успешно установлено {}
[2025-07-17T10:05:46.015Z] LOG: Executing (default): SELECT table_name FROM information_schema.tables WHERE table_schema = 'public' AND table_name = 'Warns' {}
[2025-07-17T10:05:46.032Z] LOG: Executing (default): SELECT pk.constraint_type as "Constraint",c.column_name as "Field", c.column_default as "Default",c.is_nullable as "Null", (CASE WHEN c.udt_name = 'hstore' THEN c.udt_name ELSE c.data_type END) || (CASE WHEN c.character_maximum_length IS NOT NULL THEN '(' || c.character_maximum_length || ')' ELSE '' END) as "Type", (SELECT array_agg(e.enumlabel) FROM pg_catalog.pg_type t JOIN pg_catalog.pg_enum e ON t.oid=e.enumtypid WHERE t.typname=c.udt_name) AS "special", (SELECT pgd.description FROM pg_catalog.pg_statio_all_tables AS st INNER JOIN pg_catalog.pg_description pgd on (pgd.objoid=st.relid) WHERE c.ordinal_position=pgd.objsubid AND c.table_name=st.relname) AS "Comment" FROM information_schema.columns c LEFT JOIN (SELECT tc.table_schema, tc.table_name, cu.column_name, tc.constraint_type FROM information_schema.TABLE_CONSTRAINTS tc JOIN information_schema.KEY_COLUMN_USAGE  cu ON tc.table_schema=cu.table_schema and tc.table_name=cu.table_name and tc.constraint_name=cu.constraint_name and tc.constraint_type='PRIMARY KEY') pk ON pk.table_schema=c.table_schema AND pk.table_name=c.table_name AND pk.column_name=c.column_name WHERE c.table_name = 'Warns' AND c.table_schema = 'public' {}
[2025-07-17T10:05:46.114Z] LOG: Executing (default): SELECT DISTINCT tc.constraint_name as constraint_name, tc.constraint_schema as constraint_schema, tc.constraint_catalog as constraint_catalog, tc.table_name as table_name,tc.table_schema as table_schema,tc.table_catalog as table_catalog,tc.initially_deferred as initially_deferred,tc.is_deferrable as is_deferrable,kcu.column_name as column_name,ccu.table_schema  AS referenced_table_schema,ccu.table_catalog  AS referenced_table_catalog,ccu.table_name  AS referenced_table_name,ccu.column_name AS referenced_column_name FROM information_schema.table_constraints AS tc JOIN information_schema.key_column_usage AS kcu ON tc.constraint_name = kcu.constraint_name JOIN information_schema.constraint_column_usage AS ccu ON ccu.constraint_name = tc.constraint_name WHERE constraint_type = 'FOREIGN KEY' AND tc.table_name = 'Warns' AND tc.table_catalog = 'lewisbot' {}
[2025-07-17T10:05:46.127Z] LOG: Executing (default): ALTER TABLE "Warns" ALTER COLUMN "userId" SET NOT NULL;ALTER TABLE "Warns" ALTER COLUMN "userId" DROP DEFAULT;ALTER TABLE "Warns" ALTER COLUMN "userId" TYPE VARCHAR(255); {}
[2025-07-17T10:05:46.138Z] LOG: Executing (default): ALTER TABLE "Warns" ALTER COLUMN "moderatorId" SET NOT NULL;ALTER TABLE "Warns" ALTER COLUMN "moderatorId" DROP DEFAULT;ALTER TABLE "Warns" ALTER COLUMN "moderatorId" TYPE VARCHAR(255); {}
[2025-07-17T10:05:46.143Z] LOG: Executing (default): ALTER TABLE "Warns" ALTER COLUMN "reason" DROP NOT NULL;ALTER TABLE "Warns" ALTER COLUMN "reason" SET DEFAULT 'Не указана';ALTER TABLE "Warns" ALTER COLUMN "reason" TYPE TEXT; {}
[2025-07-17T10:05:46.155Z] LOG: Executing (default): ALTER TABLE "Warns" ALTER COLUMN "guildId" SET NOT NULL;ALTER TABLE "Warns" ALTER COLUMN "guildId" DROP DEFAULT;ALTER TABLE "Warns" ALTER COLUMN "guildId" TYPE VARCHAR(255); {}
[2025-07-17T10:05:46.162Z] LOG: Executing (default): ALTER TABLE "Warns" ALTER COLUMN "createdAt" SET NOT NULL;ALTER TABLE "Warns" ALTER COLUMN "createdAt" DROP DEFAULT;ALTER TABLE "Warns" ALTER COLUMN "createdAt" TYPE TIMESTAMP WITH TIME ZONE; {}
[2025-07-17T10:05:46.166Z] LOG: Executing (default): SELECT i.relname AS name, ix.indisprimary AS primary, ix.indisunique AS unique, ix.indkey AS indkey, array_agg(a.attnum) as column_indexes, array_agg(a.attname) AS column_names, pg_get_indexdef(ix.indexrelid) AS definition FROM pg_class t, pg_class i, pg_index ix, pg_attribute a WHERE t.oid = ix.indrelid AND i.oid = ix.indexrelid AND a.attrelid = t.oid AND t.relkind = 'r' and t.relname = 'Warns' GROUP BY i.relname, ix.indexrelid, ix.indisprimary, ix.indisunique, ix.indkey ORDER BY i.relname; {}
[2025-07-17T10:05:54.131Z] LOG: Завершение работы бота... {}
[2025-07-17T13:25:15.710Z] LOG: Начинаю регистрацию команд... {}
[2025-07-17T13:25:15.830Z] ERROR: { message: undefined, stack: undefined, code: undefined } CONTEXT: {}
[2025-07-17T13:25:16.258Z] LOG: Команды зарегистрированы для гильдии 1343586237868544052 {}
[2025-07-17T13:25:16.258Z] LOG: Успешно зарегистрировано 3 команд! {}
[2025-07-17T13:25:16.949Z] LOG: Executing (default): SELECT 1+1 AS result {}
[2025-07-17T13:25:16.951Z] LOG: Подключение к PostgreSQL успешно установлено {}
[2025-07-17T13:25:16.955Z] LOG: Executing (default): SELECT table_name FROM information_schema.tables WHERE table_schema = 'public' AND table_name = 'Warns' {}
[2025-07-17T13:25:16.967Z] LOG: Executing (default): SELECT pk.constraint_type as "Constraint",c.column_name as "Field", c.column_default as "Default",c.is_nullable as "Null", (CASE WHEN c.udt_name = 'hstore' THEN c.udt_name ELSE c.data_type END) || (CASE WHEN c.character_maximum_length IS NOT NULL THEN '(' || c.character_maximum_length || ')' ELSE '' END) as "Type", (SELECT array_agg(e.enumlabel) FROM pg_catalog.pg_type t JOIN pg_catalog.pg_enum e ON t.oid=e.enumtypid WHERE t.typname=c.udt_name) AS "special", (SELECT pgd.description FROM pg_catalog.pg_statio_all_tables AS st INNER JOIN pg_catalog.pg_description pgd on (pgd.objoid=st.relid) WHERE c.ordinal_position=pgd.objsubid AND c.table_name=st.relname) AS "Comment" FROM information_schema.columns c LEFT JOIN (SELECT tc.table_schema, tc.table_name, cu.column_name, tc.constraint_type FROM information_schema.TABLE_CONSTRAINTS tc JOIN information_schema.KEY_COLUMN_USAGE  cu ON tc.table_schema=cu.table_schema and tc.table_name=cu.table_name and tc.constraint_name=cu.constraint_name and tc.constraint_type='PRIMARY KEY') pk ON pk.table_schema=c.table_schema AND pk.table_name=c.table_name AND pk.column_name=c.column_name WHERE c.table_name = 'Warns' AND c.table_schema = 'public' {}
[2025-07-17T13:25:17.036Z] LOG: Executing (default): SELECT DISTINCT tc.constraint_name as constraint_name, tc.constraint_schema as constraint_schema, tc.constraint_catalog as constraint_catalog, tc.table_name as table_name,tc.table_schema as table_schema,tc.table_catalog as table_catalog,tc.initially_deferred as initially_deferred,tc.is_deferrable as is_deferrable,kcu.column_name as column_name,ccu.table_schema  AS referenced_table_schema,ccu.table_catalog  AS referenced_table_catalog,ccu.table_name  AS referenced_table_name,ccu.column_name AS referenced_column_name FROM information_schema.table_constraints AS tc JOIN information_schema.key_column_usage AS kcu ON tc.constraint_name = kcu.constraint_name JOIN information_schema.constraint_column_usage AS ccu ON ccu.constraint_name = tc.constraint_name WHERE constraint_type = 'FOREIGN KEY' AND tc.table_name = 'Warns' AND tc.table_catalog = 'lewisbot' {}
[2025-07-17T13:25:17.049Z] LOG: Executing (default): ALTER TABLE "Warns" ALTER COLUMN "userId" SET NOT NULL;ALTER TABLE "Warns" ALTER COLUMN "userId" DROP DEFAULT;ALTER TABLE "Warns" ALTER COLUMN "userId" TYPE VARCHAR(255); {}
[2025-07-17T13:25:17.056Z] LOG: Executing (default): ALTER TABLE "Warns" ALTER COLUMN "moderatorId" SET NOT NULL;ALTER TABLE "Warns" ALTER COLUMN "moderatorId" DROP DEFAULT;ALTER TABLE "Warns" ALTER COLUMN "moderatorId" TYPE VARCHAR(255); {}
[2025-07-17T13:25:17.060Z] LOG: Executing (default): ALTER TABLE "Warns" ALTER COLUMN "reason" DROP NOT NULL;ALTER TABLE "Warns" ALTER COLUMN "reason" SET DEFAULT 'Не указана';ALTER TABLE "Warns" ALTER COLUMN "reason" TYPE TEXT; {}
[2025-07-17T13:25:17.068Z] LOG: Executing (default): ALTER TABLE "Warns" ALTER COLUMN "guildId" SET NOT NULL;ALTER TABLE "Warns" ALTER COLUMN "guildId" DROP DEFAULT;ALTER TABLE "Warns" ALTER COLUMN "guildId" TYPE VARCHAR(255); {}
[2025-07-17T13:25:17.076Z] LOG: Executing (default): ALTER TABLE "Warns" ALTER COLUMN "createdAt" SET NOT NULL;ALTER TABLE "Warns" ALTER COLUMN "createdAt" DROP DEFAULT;ALTER TABLE "Warns" ALTER COLUMN "createdAt" TYPE TIMESTAMP WITH TIME ZONE; {}
[2025-07-17T13:25:17.080Z] LOG: Executing (default): SELECT i.relname AS name, ix.indisprimary AS primary, ix.indisunique AS unique, ix.indkey AS indkey, array_agg(a.attnum) as column_indexes, array_agg(a.attname) AS column_names, pg_get_indexdef(ix.indexrelid) AS definition FROM pg_class t, pg_class i, pg_index ix, pg_attribute a WHERE t.oid = ix.indrelid AND i.oid = ix.indexrelid AND a.attrelid = t.oid AND t.relkind = 'r' and t.relname = 'Warns' GROUP BY i.relname, ix.indexrelid, ix.indisprimary, ix.indisunique, ix.indkey ORDER BY i.relname; {}
[2025-07-17T13:27:20.658Z] LOG: Завершение работы бота... {}
[2025-07-17T13:27:22.910Z] LOG: Начинаю регистрацию команд... {}
[2025-07-17T13:27:23.072Z] LOG: app.js завершился с кодом 1 {}
[2025-07-17T13:27:23.482Z] LOG: Команды зарегистрированы для гильдии 1343586237868544052 {}
[2025-07-17T13:27:23.483Z] LOG: Успешно зарегистрировано 3 команд! {}
[2025-07-17T13:27:24.527Z] LOG: Executing (default): SELECT 1+1 AS result {}
[2025-07-17T13:27:24.529Z] LOG: Подключение к PostgreSQL успешно установлено {}
[2025-07-17T13:27:24.532Z] LOG: Executing (default): SELECT table_name FROM information_schema.tables WHERE table_schema = 'public' AND table_name = 'Warns' {}
[2025-07-17T13:27:24.541Z] LOG: Executing (default): SELECT pk.constraint_type as "Constraint",c.column_name as "Field", c.column_default as "Default",c.is_nullable as "Null", (CASE WHEN c.udt_name = 'hstore' THEN c.udt_name ELSE c.data_type END) || (CASE WHEN c.character_maximum_length IS NOT NULL THEN '(' || c.character_maximum_length || ')' ELSE '' END) as "Type", (SELECT array_agg(e.enumlabel) FROM pg_catalog.pg_type t JOIN pg_catalog.pg_enum e ON t.oid=e.enumtypid WHERE t.typname=c.udt_name) AS "special", (SELECT pgd.description FROM pg_catalog.pg_statio_all_tables AS st INNER JOIN pg_catalog.pg_description pgd on (pgd.objoid=st.relid) WHERE c.ordinal_position=pgd.objsubid AND c.table_name=st.relname) AS "Comment" FROM information_schema.columns c LEFT JOIN (SELECT tc.table_schema, tc.table_name, cu.column_name, tc.constraint_type FROM information_schema.TABLE_CONSTRAINTS tc JOIN information_schema.KEY_COLUMN_USAGE  cu ON tc.table_schema=cu.table_schema and tc.table_name=cu.table_name and tc.constraint_name=cu.constraint_name and tc.constraint_type='PRIMARY KEY') pk ON pk.table_schema=c.table_schema AND pk.table_name=c.table_name AND pk.column_name=c.column_name WHERE c.table_name = 'Warns' AND c.table_schema = 'public' {}
[2025-07-17T13:27:24.599Z] LOG: Executing (default): SELECT DISTINCT tc.constraint_name as constraint_name, tc.constraint_schema as constraint_schema, tc.constraint_catalog as constraint_catalog, tc.table_name as table_name,tc.table_schema as table_schema,tc.table_catalog as table_catalog,tc.initially_deferred as initially_deferred,tc.is_deferrable as is_deferrable,kcu.column_name as column_name,ccu.table_schema  AS referenced_table_schema,ccu.table_catalog  AS referenced_table_catalog,ccu.table_name  AS referenced_table_name,ccu.column_name AS referenced_column_name FROM information_schema.table_constraints AS tc JOIN information_schema.key_column_usage AS kcu ON tc.constraint_name = kcu.constraint_name JOIN information_schema.constraint_column_usage AS ccu ON ccu.constraint_name = tc.constraint_name WHERE constraint_type = 'FOREIGN KEY' AND tc.table_name = 'Warns' AND tc.table_catalog = 'lewisbot' {}
[2025-07-17T13:27:24.614Z] LOG: Executing (default): ALTER TABLE "Warns" ALTER COLUMN "userId" SET NOT NULL;ALTER TABLE "Warns" ALTER COLUMN "userId" DROP DEFAULT;ALTER TABLE "Warns" ALTER COLUMN "userId" TYPE VARCHAR(255); {}
[2025-07-17T13:27:24.618Z] LOG: Executing (default): ALTER TABLE "Warns" ALTER COLUMN "moderatorId" SET NOT NULL;ALTER TABLE "Warns" ALTER COLUMN "moderatorId" DROP DEFAULT;ALTER TABLE "Warns" ALTER COLUMN "moderatorId" TYPE VARCHAR(255); {}
[2025-07-17T13:27:24.622Z] LOG: Executing (default): ALTER TABLE "Warns" ALTER COLUMN "reason" DROP NOT NULL;ALTER TABLE "Warns" ALTER COLUMN "reason" SET DEFAULT 'Не указана';ALTER TABLE "Warns" ALTER COLUMN "reason" TYPE TEXT; {}
[2025-07-17T13:27:24.627Z] LOG: Executing (default): ALTER TABLE "Warns" ALTER COLUMN "guildId" SET NOT NULL;ALTER TABLE "Warns" ALTER COLUMN "guildId" DROP DEFAULT;ALTER TABLE "Warns" ALTER COLUMN "guildId" TYPE VARCHAR(255); {}
[2025-07-17T13:27:24.630Z] LOG: Executing (default): ALTER TABLE "Warns" ALTER COLUMN "createdAt" SET NOT NULL;ALTER TABLE "Warns" ALTER COLUMN "createdAt" DROP DEFAULT;ALTER TABLE "Warns" ALTER COLUMN "createdAt" TYPE TIMESTAMP WITH TIME ZONE; {}
[2025-07-17T13:27:24.635Z] LOG: Executing (default): SELECT i.relname AS name, ix.indisprimary AS primary, ix.indisunique AS unique, ix.indkey AS indkey, array_agg(a.attnum) as column_indexes, array_agg(a.attname) AS column_names, pg_get_indexdef(ix.indexrelid) AS definition FROM pg_class t, pg_class i, pg_index ix, pg_attribute a WHERE t.oid = ix.indrelid AND i.oid = ix.indexrelid AND a.attrelid = t.oid AND t.relkind = 'r' and t.relname = 'Warns' GROUP BY i.relname, ix.indexrelid, ix.indisprimary, ix.indisunique, ix.indkey ORDER BY i.relname; {}
[2025-07-17T13:27:25.743Z] LOG: Завершение работы бота... {}
[2025-07-17T13:29:27.593Z] LOG: Начинаю регистрацию команд... {}
[2025-07-17T13:29:28.182Z] LOG: Команды зарегистрированы для гильдии 1343586237868544052 {}
[2025-07-17T13:29:28.183Z] LOG: Успешно зарегистрировано 3 команд! {}
[2025-07-17T13:29:29.493Z] LOG: Executing (default): SELECT 1+1 AS result {}
[2025-07-17T13:29:29.497Z] LOG: Подключение к PostgreSQL успешно установлено {}
[2025-07-17T13:29:29.503Z] LOG: Executing (default): SELECT table_name FROM information_schema.tables WHERE table_schema = 'public' AND table_name = 'Warns' {}
[2025-07-17T13:29:29.518Z] LOG: Executing (default): SELECT pk.constraint_type as "Constraint",c.column_name as "Field", c.column_default as "Default",c.is_nullable as "Null", (CASE WHEN c.udt_name = 'hstore' THEN c.udt_name ELSE c.data_type END) || (CASE WHEN c.character_maximum_length IS NOT NULL THEN '(' || c.character_maximum_length || ')' ELSE '' END) as "Type", (SELECT array_agg(e.enumlabel) FROM pg_catalog.pg_type t JOIN pg_catalog.pg_enum e ON t.oid=e.enumtypid WHERE t.typname=c.udt_name) AS "special", (SELECT pgd.description FROM pg_catalog.pg_statio_all_tables AS st INNER JOIN pg_catalog.pg_description pgd on (pgd.objoid=st.relid) WHERE c.ordinal_position=pgd.objsubid AND c.table_name=st.relname) AS "Comment" FROM information_schema.columns c LEFT JOIN (SELECT tc.table_schema, tc.table_name, cu.column_name, tc.constraint_type FROM information_schema.TABLE_CONSTRAINTS tc JOIN information_schema.KEY_COLUMN_USAGE  cu ON tc.table_schema=cu.table_schema and tc.table_name=cu.table_name and tc.constraint_name=cu.constraint_name and tc.constraint_type='PRIMARY KEY') pk ON pk.table_schema=c.table_schema AND pk.table_name=c.table_name AND pk.column_name=c.column_name WHERE c.table_name = 'Warns' AND c.table_schema = 'public' {}
[2025-07-17T13:29:29.589Z] LOG: Executing (default): SELECT DISTINCT tc.constraint_name as constraint_name, tc.constraint_schema as constraint_schema, tc.constraint_catalog as constraint_catalog, tc.table_name as table_name,tc.table_schema as table_schema,tc.table_catalog as table_catalog,tc.initially_deferred as initially_deferred,tc.is_deferrable as is_deferrable,kcu.column_name as column_name,ccu.table_schema  AS referenced_table_schema,ccu.table_catalog  AS referenced_table_catalog,ccu.table_name  AS referenced_table_name,ccu.column_name AS referenced_column_name FROM information_schema.table_constraints AS tc JOIN information_schema.key_column_usage AS kcu ON tc.constraint_name = kcu.constraint_name JOIN information_schema.constraint_column_usage AS ccu ON ccu.constraint_name = tc.constraint_name WHERE constraint_type = 'FOREIGN KEY' AND tc.table_name = 'Warns' AND tc.table_catalog = 'lewisbot' {}
[2025-07-17T13:29:29.607Z] LOG: Executing (default): ALTER TABLE "Warns" ALTER COLUMN "userId" SET NOT NULL;ALTER TABLE "Warns" ALTER COLUMN "userId" DROP DEFAULT;ALTER TABLE "Warns" ALTER COLUMN "userId" TYPE VARCHAR(255); {}
[2025-07-17T13:29:29.617Z] LOG: Executing (default): ALTER TABLE "Warns" ALTER COLUMN "moderatorId" SET NOT NULL;ALTER TABLE "Warns" ALTER COLUMN "moderatorId" DROP DEFAULT;ALTER TABLE "Warns" ALTER COLUMN "moderatorId" TYPE VARCHAR(255); {}
[2025-07-17T13:29:29.628Z] LOG: Executing (default): ALTER TABLE "Warns" ALTER COLUMN "reason" DROP NOT NULL;ALTER TABLE "Warns" ALTER COLUMN "reason" SET DEFAULT 'Не указана';ALTER TABLE "Warns" ALTER COLUMN "reason" TYPE TEXT; {}
[2025-07-17T13:29:29.651Z] LOG: Executing (default): ALTER TABLE "Warns" ALTER COLUMN "guildId" SET NOT NULL;ALTER TABLE "Warns" ALTER COLUMN "guildId" DROP DEFAULT;ALTER TABLE "Warns" ALTER COLUMN "guildId" TYPE VARCHAR(255); {}
[2025-07-17T13:29:29.680Z] LOG: Executing (default): ALTER TABLE "Warns" ALTER COLUMN "createdAt" SET NOT NULL;ALTER TABLE "Warns" ALTER COLUMN "createdAt" DROP DEFAULT;ALTER TABLE "Warns" ALTER COLUMN "createdAt" TYPE TIMESTAMP WITH TIME ZONE; {}
[2025-07-17T13:29:29.697Z] LOG: Executing (default): SELECT i.relname AS name, ix.indisprimary AS primary, ix.indisunique AS unique, ix.indkey AS indkey, array_agg(a.attnum) as column_indexes, array_agg(a.attname) AS column_names, pg_get_indexdef(ix.indexrelid) AS definition FROM pg_class t, pg_class i, pg_index ix, pg_attribute a WHERE t.oid = ix.indrelid AND i.oid = ix.indexrelid AND a.attrelid = t.oid AND t.relkind = 'r' and t.relname = 'Warns' GROUP BY i.relname, ix.indexrelid, ix.indisprimary, ix.indisunique, ix.indkey ORDER BY i.relname; {}
[2025-07-17T13:36:01.028Z] LOG: Завершение работы бота... {}
[2025-07-17T13:36:05.562Z] LOG: Начинаю регистрацию команд... {}
[2025-07-17T13:36:06.149Z] LOG: Команды зарегистрированы для гильдии 1343586237868544052 {}
[2025-07-17T13:36:06.150Z] LOG: Успешно зарегистрировано 3 команд! {}
[2025-07-17T13:36:07.205Z] LOG: Executing (default): SELECT 1+1 AS result {}
[2025-07-17T13:36:07.208Z] LOG: Подключение к PostgreSQL успешно установлено {}
[2025-07-17T13:36:07.215Z] LOG: Executing (default): SELECT table_name FROM information_schema.tables WHERE table_schema = 'public' AND table_name = 'Warns' {}
[2025-07-17T13:36:07.239Z] LOG: Executing (default): SELECT pk.constraint_type as "Constraint",c.column_name as "Field", c.column_default as "Default",c.is_nullable as "Null", (CASE WHEN c.udt_name = 'hstore' THEN c.udt_name ELSE c.data_type END) || (CASE WHEN c.character_maximum_length IS NOT NULL THEN '(' || c.character_maximum_length || ')' ELSE '' END) as "Type", (SELECT array_agg(e.enumlabel) FROM pg_catalog.pg_type t JOIN pg_catalog.pg_enum e ON t.oid=e.enumtypid WHERE t.typname=c.udt_name) AS "special", (SELECT pgd.description FROM pg_catalog.pg_statio_all_tables AS st INNER JOIN pg_catalog.pg_description pgd on (pgd.objoid=st.relid) WHERE c.ordinal_position=pgd.objsubid AND c.table_name=st.relname) AS "Comment" FROM information_schema.columns c LEFT JOIN (SELECT tc.table_schema, tc.table_name, cu.column_name, tc.constraint_type FROM information_schema.TABLE_CONSTRAINTS tc JOIN information_schema.KEY_COLUMN_USAGE  cu ON tc.table_schema=cu.table_schema and tc.table_name=cu.table_name and tc.constraint_name=cu.constraint_name and tc.constraint_type='PRIMARY KEY') pk ON pk.table_schema=c.table_schema AND pk.table_name=c.table_name AND pk.column_name=c.column_name WHERE c.table_name = 'Warns' AND c.table_schema = 'public' {}
[2025-07-17T13:36:07.317Z] LOG: Executing (default): SELECT DISTINCT tc.constraint_name as constraint_name, tc.constraint_schema as constraint_schema, tc.constraint_catalog as constraint_catalog, tc.table_name as table_name,tc.table_schema as table_schema,tc.table_catalog as table_catalog,tc.initially_deferred as initially_deferred,tc.is_deferrable as is_deferrable,kcu.column_name as column_name,ccu.table_schema  AS referenced_table_schema,ccu.table_catalog  AS referenced_table_catalog,ccu.table_name  AS referenced_table_name,ccu.column_name AS referenced_column_name FROM information_schema.table_constraints AS tc JOIN information_schema.key_column_usage AS kcu ON tc.constraint_name = kcu.constraint_name JOIN information_schema.constraint_column_usage AS ccu ON ccu.constraint_name = tc.constraint_name WHERE constraint_type = 'FOREIGN KEY' AND tc.table_name = 'Warns' AND tc.table_catalog = 'lewisbot' {}
[2025-07-17T13:36:07.335Z] LOG: Executing (default): ALTER TABLE "Warns" ALTER COLUMN "userId" SET NOT NULL;ALTER TABLE "Warns" ALTER COLUMN "userId" DROP DEFAULT;ALTER TABLE "Warns" ALTER COLUMN "userId" TYPE VARCHAR(255); {}
[2025-07-17T13:36:07.346Z] LOG: Executing (default): ALTER TABLE "Warns" ALTER COLUMN "moderatorId" SET NOT NULL;ALTER TABLE "Warns" ALTER COLUMN "moderatorId" DROP DEFAULT;ALTER TABLE "Warns" ALTER COLUMN "moderatorId" TYPE VARCHAR(255); {}
[2025-07-17T13:36:07.358Z] LOG: Executing (default): ALTER TABLE "Warns" ALTER COLUMN "reason" DROP NOT NULL;ALTER TABLE "Warns" ALTER COLUMN "reason" SET DEFAULT 'Не указана';ALTER TABLE "Warns" ALTER COLUMN "reason" TYPE TEXT; {}
[2025-07-17T13:36:07.370Z] LOG: Executing (default): ALTER TABLE "Warns" ALTER COLUMN "guildId" SET NOT NULL;ALTER TABLE "Warns" ALTER COLUMN "guildId" DROP DEFAULT;ALTER TABLE "Warns" ALTER COLUMN "guildId" TYPE VARCHAR(255); {}
[2025-07-17T13:36:07.379Z] LOG: Executing (default): ALTER TABLE "Warns" ALTER COLUMN "createdAt" SET NOT NULL;ALTER TABLE "Warns" ALTER COLUMN "createdAt" DROP DEFAULT;ALTER TABLE "Warns" ALTER COLUMN "createdAt" TYPE TIMESTAMP WITH TIME ZONE; {}
[2025-07-17T13:36:07.389Z] LOG: Executing (default): SELECT i.relname AS name, ix.indisprimary AS primary, ix.indisunique AS unique, ix.indkey AS indkey, array_agg(a.attnum) as column_indexes, array_agg(a.attname) AS column_names, pg_get_indexdef(ix.indexrelid) AS definition FROM pg_class t, pg_class i, pg_index ix, pg_attribute a WHERE t.oid = ix.indrelid AND i.oid = ix.indexrelid AND a.attrelid = t.oid AND t.relkind = 'r' and t.relname = 'Warns' GROUP BY i.relname, ix.indexrelid, ix.indisprimary, ix.indisunique, ix.indkey ORDER BY i.relname; {}
[2025-07-17T13:37:48.279Z] LOG: Завершение работы бота... {}
[2025-07-17T13:38:33.211Z] LOG: Начинаю регистрацию команд... {}
[2025-07-17T13:38:33.346Z] ERROR: { message: undefined, stack: undefined, code: undefined } CONTEXT: {}
[2025-07-17T13:38:33.750Z] LOG: Команды зарегистрированы для гильдии 1343586237868544052 {}
[2025-07-17T13:38:33.751Z] LOG: Успешно зарегистрировано 3 команд! {}
[2025-07-17T13:38:34.641Z] LOG: Executing (default): SELECT 1+1 AS result {}
[2025-07-17T13:38:34.643Z] LOG: Подключение к PostgreSQL успешно установлено {}
[2025-07-17T13:38:34.648Z] LOG: Executing (default): SELECT table_name FROM information_schema.tables WHERE table_schema = 'public' AND table_name = 'Warns' {}
[2025-07-17T13:38:34.663Z] LOG: Executing (default): SELECT pk.constraint_type as "Constraint",c.column_name as "Field", c.column_default as "Default",c.is_nullable as "Null", (CASE WHEN c.udt_name = 'hstore' THEN c.udt_name ELSE c.data_type END) || (CASE WHEN c.character_maximum_length IS NOT NULL THEN '(' || c.character_maximum_length || ')' ELSE '' END) as "Type", (SELECT array_agg(e.enumlabel) FROM pg_catalog.pg_type t JOIN pg_catalog.pg_enum e ON t.oid=e.enumtypid WHERE t.typname=c.udt_name) AS "special", (SELECT pgd.description FROM pg_catalog.pg_statio_all_tables AS st INNER JOIN pg_catalog.pg_description pgd on (pgd.objoid=st.relid) WHERE c.ordinal_position=pgd.objsubid AND c.table_name=st.relname) AS "Comment" FROM information_schema.columns c LEFT JOIN (SELECT tc.table_schema, tc.table_name, cu.column_name, tc.constraint_type FROM information_schema.TABLE_CONSTRAINTS tc JOIN information_schema.KEY_COLUMN_USAGE  cu ON tc.table_schema=cu.table_schema and tc.table_name=cu.table_name and tc.constraint_name=cu.constraint_name and tc.constraint_type='PRIMARY KEY') pk ON pk.table_schema=c.table_schema AND pk.table_name=c.table_name AND pk.column_name=c.column_name WHERE c.table_name = 'Warns' AND c.table_schema = 'public' {}
[2025-07-17T13:38:34.731Z] LOG: Executing (default): SELECT DISTINCT tc.constraint_name as constraint_name, tc.constraint_schema as constraint_schema, tc.constraint_catalog as constraint_catalog, tc.table_name as table_name,tc.table_schema as table_schema,tc.table_catalog as table_catalog,tc.initially_deferred as initially_deferred,tc.is_deferrable as is_deferrable,kcu.column_name as column_name,ccu.table_schema  AS referenced_table_schema,ccu.table_catalog  AS referenced_table_catalog,ccu.table_name  AS referenced_table_name,ccu.column_name AS referenced_column_name FROM information_schema.table_constraints AS tc JOIN information_schema.key_column_usage AS kcu ON tc.constraint_name = kcu.constraint_name JOIN information_schema.constraint_column_usage AS ccu ON ccu.constraint_name = tc.constraint_name WHERE constraint_type = 'FOREIGN KEY' AND tc.table_name = 'Warns' AND tc.table_catalog = 'lewisbot' {}
[2025-07-17T13:38:34.744Z] LOG: Executing (default): ALTER TABLE "Warns" ALTER COLUMN "userId" SET NOT NULL;ALTER TABLE "Warns" ALTER COLUMN "userId" DROP DEFAULT;ALTER TABLE "Warns" ALTER COLUMN "userId" TYPE VARCHAR(255); {}
[2025-07-17T13:38:34.748Z] LOG: Executing (default): ALTER TABLE "Warns" ALTER COLUMN "moderatorId" SET NOT NULL;ALTER TABLE "Warns" ALTER COLUMN "moderatorId" DROP DEFAULT;ALTER TABLE "Warns" ALTER COLUMN "moderatorId" TYPE VARCHAR(255); {}
[2025-07-17T13:38:34.752Z] LOG: Executing (default): ALTER TABLE "Warns" ALTER COLUMN "reason" DROP NOT NULL;ALTER TABLE "Warns" ALTER COLUMN "reason" SET DEFAULT 'Не указана';ALTER TABLE "Warns" ALTER COLUMN "reason" TYPE TEXT; {}
[2025-07-17T13:38:34.758Z] LOG: Executing (default): ALTER TABLE "Warns" ALTER COLUMN "guildId" SET NOT NULL;ALTER TABLE "Warns" ALTER COLUMN "guildId" DROP DEFAULT;ALTER TABLE "Warns" ALTER COLUMN "guildId" TYPE VARCHAR(255); {}
[2025-07-17T13:38:34.766Z] LOG: Executing (default): ALTER TABLE "Warns" ALTER COLUMN "createdAt" SET NOT NULL;ALTER TABLE "Warns" ALTER COLUMN "createdAt" DROP DEFAULT;ALTER TABLE "Warns" ALTER COLUMN "createdAt" TYPE TIMESTAMP WITH TIME ZONE; {}
[2025-07-17T13:38:34.771Z] LOG: Executing (default): SELECT i.relname AS name, ix.indisprimary AS primary, ix.indisunique AS unique, ix.indkey AS indkey, array_agg(a.attnum) as column_indexes, array_agg(a.attname) AS column_names, pg_get_indexdef(ix.indexrelid) AS definition FROM pg_class t, pg_class i, pg_index ix, pg_attribute a WHERE t.oid = ix.indrelid AND i.oid = ix.indexrelid AND a.attrelid = t.oid AND t.relkind = 'r' and t.relname = 'Warns' GROUP BY i.relname, ix.indexrelid, ix.indisprimary, ix.indisunique, ix.indkey ORDER BY i.relname; {}
[2025-07-17T13:38:52.909Z] LOG: Завершение работы бота... {}
[2025-07-17T13:38:55.302Z] LOG: Начинаю регистрацию команд... {}
[2025-07-17T13:38:55.848Z] LOG: Команды зарегистрированы для гильдии 1343586237868544052 {}
[2025-07-17T13:38:55.848Z] LOG: Успешно зарегистрировано 3 команд! {}
[2025-07-17T13:38:56.713Z] LOG: Executing (default): SELECT 1+1 AS result {}
[2025-07-17T13:38:56.715Z] LOG: Подключение к PostgreSQL успешно установлено {}
[2025-07-17T13:38:56.720Z] LOG: Executing (default): SELECT table_name FROM information_schema.tables WHERE table_schema = 'public' AND table_name = 'Warns' {}
[2025-07-17T13:38:56.731Z] LOG: Executing (default): SELECT pk.constraint_type as "Constraint",c.column_name as "Field", c.column_default as "Default",c.is_nullable as "Null", (CASE WHEN c.udt_name = 'hstore' THEN c.udt_name ELSE c.data_type END) || (CASE WHEN c.character_maximum_length IS NOT NULL THEN '(' || c.character_maximum_length || ')' ELSE '' END) as "Type", (SELECT array_agg(e.enumlabel) FROM pg_catalog.pg_type t JOIN pg_catalog.pg_enum e ON t.oid=e.enumtypid WHERE t.typname=c.udt_name) AS "special", (SELECT pgd.description FROM pg_catalog.pg_statio_all_tables AS st INNER JOIN pg_catalog.pg_description pgd on (pgd.objoid=st.relid) WHERE c.ordinal_position=pgd.objsubid AND c.table_name=st.relname) AS "Comment" FROM information_schema.columns c LEFT JOIN (SELECT tc.table_schema, tc.table_name, cu.column_name, tc.constraint_type FROM information_schema.TABLE_CONSTRAINTS tc JOIN information_schema.KEY_COLUMN_USAGE  cu ON tc.table_schema=cu.table_schema and tc.table_name=cu.table_name and tc.constraint_name=cu.constraint_name and tc.constraint_type='PRIMARY KEY') pk ON pk.table_schema=c.table_schema AND pk.table_name=c.table_name AND pk.column_name=c.column_name WHERE c.table_name = 'Warns' AND c.table_schema = 'public' {}
[2025-07-17T13:38:56.793Z] LOG: Executing (default): SELECT DISTINCT tc.constraint_name as constraint_name, tc.constraint_schema as constraint_schema, tc.constraint_catalog as constraint_catalog, tc.table_name as table_name,tc.table_schema as table_schema,tc.table_catalog as table_catalog,tc.initially_deferred as initially_deferred,tc.is_deferrable as is_deferrable,kcu.column_name as column_name,ccu.table_schema  AS referenced_table_schema,ccu.table_catalog  AS referenced_table_catalog,ccu.table_name  AS referenced_table_name,ccu.column_name AS referenced_column_name FROM information_schema.table_constraints AS tc JOIN information_schema.key_column_usage AS kcu ON tc.constraint_name = kcu.constraint_name JOIN information_schema.constraint_column_usage AS ccu ON ccu.constraint_name = tc.constraint_name WHERE constraint_type = 'FOREIGN KEY' AND tc.table_name = 'Warns' AND tc.table_catalog = 'lewisbot' {}
[2025-07-17T13:38:56.814Z] LOG: Executing (default): ALTER TABLE "Warns" ALTER COLUMN "userId" SET NOT NULL;ALTER TABLE "Warns" ALTER COLUMN "userId" DROP DEFAULT;ALTER TABLE "Warns" ALTER COLUMN "userId" TYPE VARCHAR(255); {}
[2025-07-17T13:38:56.843Z] LOG: Executing (default): ALTER TABLE "Warns" ALTER COLUMN "moderatorId" SET NOT NULL;ALTER TABLE "Warns" ALTER COLUMN "moderatorId" DROP DEFAULT;ALTER TABLE "Warns" ALTER COLUMN "moderatorId" TYPE VARCHAR(255); {}
[2025-07-17T13:38:56.846Z] LOG: Executing (default): ALTER TABLE "Warns" ALTER COLUMN "reason" DROP NOT NULL;ALTER TABLE "Warns" ALTER COLUMN "reason" SET DEFAULT 'Не указана';ALTER TABLE "Warns" ALTER COLUMN "reason" TYPE TEXT; {}
[2025-07-17T13:38:56.858Z] LOG: Executing (default): ALTER TABLE "Warns" ALTER COLUMN "guildId" SET NOT NULL;ALTER TABLE "Warns" ALTER COLUMN "guildId" DROP DEFAULT;ALTER TABLE "Warns" ALTER COLUMN "guildId" TYPE VARCHAR(255); {}
[2025-07-17T13:38:56.862Z] LOG: Executing (default): ALTER TABLE "Warns" ALTER COLUMN "createdAt" SET NOT NULL;ALTER TABLE "Warns" ALTER COLUMN "createdAt" DROP DEFAULT;ALTER TABLE "Warns" ALTER COLUMN "createdAt" TYPE TIMESTAMP WITH TIME ZONE; {}
[2025-07-17T13:38:56.870Z] LOG: Executing (default): SELECT i.relname AS name, ix.indisprimary AS primary, ix.indisunique AS unique, ix.indkey AS indkey, array_agg(a.attnum) as column_indexes, array_agg(a.attname) AS column_names, pg_get_indexdef(ix.indexrelid) AS definition FROM pg_class t, pg_class i, pg_index ix, pg_attribute a WHERE t.oid = ix.indrelid AND i.oid = ix.indexrelid AND a.attrelid = t.oid AND t.relkind = 'r' and t.relname = 'Warns' GROUP BY i.relname, ix.indexrelid, ix.indisprimary, ix.indisunique, ix.indkey ORDER BY i.relname; {}
[2025-07-17T13:40:27.163Z] LOG: Завершение работы бота... {}
[2025-07-17T13:40:27.184Z] ERROR: { message: undefined, stack: undefined, code: undefined } CONTEXT: {}
[2025-07-17T13:40:29.615Z] LOG: Начинаю регистрацию команд... {}
[2025-07-17T13:40:30.104Z] LOG: Команды зарегистрированы для гильдии 1343586237868544052 {}
[2025-07-17T13:40:30.105Z] LOG: Успешно зарегистрировано 3 команд! {}
[2025-07-17T13:40:31.130Z] LOG: Executing (default): SELECT 1+1 AS result {}
[2025-07-17T13:40:31.132Z] LOG: Подключение к PostgreSQL успешно установлено {}
[2025-07-17T13:40:31.136Z] LOG: Executing (default): SELECT table_name FROM information_schema.tables WHERE table_schema = 'public' AND table_name = 'Warns' {}
[2025-07-17T13:40:31.146Z] LOG: Executing (default): SELECT pk.constraint_type as "Constraint",c.column_name as "Field", c.column_default as "Default",c.is_nullable as "Null", (CASE WHEN c.udt_name = 'hstore' THEN c.udt_name ELSE c.data_type END) || (CASE WHEN c.character_maximum_length IS NOT NULL THEN '(' || c.character_maximum_length || ')' ELSE '' END) as "Type", (SELECT array_agg(e.enumlabel) FROM pg_catalog.pg_type t JOIN pg_catalog.pg_enum e ON t.oid=e.enumtypid WHERE t.typname=c.udt_name) AS "special", (SELECT pgd.description FROM pg_catalog.pg_statio_all_tables AS st INNER JOIN pg_catalog.pg_description pgd on (pgd.objoid=st.relid) WHERE c.ordinal_position=pgd.objsubid AND c.table_name=st.relname) AS "Comment" FROM information_schema.columns c LEFT JOIN (SELECT tc.table_schema, tc.table_name, cu.column_name, tc.constraint_type FROM information_schema.TABLE_CONSTRAINTS tc JOIN information_schema.KEY_COLUMN_USAGE  cu ON tc.table_schema=cu.table_schema and tc.table_name=cu.table_name and tc.constraint_name=cu.constraint_name and tc.constraint_type='PRIMARY KEY') pk ON pk.table_schema=c.table_schema AND pk.table_name=c.table_name AND pk.column_name=c.column_name WHERE c.table_name = 'Warns' AND c.table_schema = 'public' {}
[2025-07-17T13:40:31.206Z] LOG: Executing (default): SELECT DISTINCT tc.constraint_name as constraint_name, tc.constraint_schema as constraint_schema, tc.constraint_catalog as constraint_catalog, tc.table_name as table_name,tc.table_schema as table_schema,tc.table_catalog as table_catalog,tc.initially_deferred as initially_deferred,tc.is_deferrable as is_deferrable,kcu.column_name as column_name,ccu.table_schema  AS referenced_table_schema,ccu.table_catalog  AS referenced_table_catalog,ccu.table_name  AS referenced_table_name,ccu.column_name AS referenced_column_name FROM information_schema.table_constraints AS tc JOIN information_schema.key_column_usage AS kcu ON tc.constraint_name = kcu.constraint_name JOIN information_schema.constraint_column_usage AS ccu ON ccu.constraint_name = tc.constraint_name WHERE constraint_type = 'FOREIGN KEY' AND tc.table_name = 'Warns' AND tc.table_catalog = 'lewisbot' {}
[2025-07-17T13:40:31.260Z] LOG: Executing (default): ALTER TABLE "Warns" ALTER COLUMN "userId" SET NOT NULL;ALTER TABLE "Warns" ALTER COLUMN "userId" DROP DEFAULT;ALTER TABLE "Warns" ALTER COLUMN "userId" TYPE VARCHAR(255); {}
[2025-07-17T13:40:31.331Z] LOG: Executing (default): ALTER TABLE "Warns" ALTER COLUMN "moderatorId" SET NOT NULL;ALTER TABLE "Warns" ALTER COLUMN "moderatorId" DROP DEFAULT;ALTER TABLE "Warns" ALTER COLUMN "moderatorId" TYPE VARCHAR(255); {}
[2025-07-17T13:40:31.337Z] LOG: Executing (default): ALTER TABLE "Warns" ALTER COLUMN "reason" DROP NOT NULL;ALTER TABLE "Warns" ALTER COLUMN "reason" SET DEFAULT 'Не указана';ALTER TABLE "Warns" ALTER COLUMN "reason" TYPE TEXT; {}
[2025-07-17T13:40:31.343Z] LOG: Executing (default): ALTER TABLE "Warns" ALTER COLUMN "guildId" SET NOT NULL;ALTER TABLE "Warns" ALTER COLUMN "guildId" DROP DEFAULT;ALTER TABLE "Warns" ALTER COLUMN "guildId" TYPE VARCHAR(255); {}
[2025-07-17T13:40:31.347Z] LOG: Executing (default): ALTER TABLE "Warns" ALTER COLUMN "createdAt" SET NOT NULL;ALTER TABLE "Warns" ALTER COLUMN "createdAt" DROP DEFAULT;ALTER TABLE "Warns" ALTER COLUMN "createdAt" TYPE TIMESTAMP WITH TIME ZONE; {}
[2025-07-17T13:40:31.350Z] LOG: Executing (default): SELECT i.relname AS name, ix.indisprimary AS primary, ix.indisunique AS unique, ix.indkey AS indkey, array_agg(a.attnum) as column_indexes, array_agg(a.attname) AS column_names, pg_get_indexdef(ix.indexrelid) AS definition FROM pg_class t, pg_class i, pg_index ix, pg_attribute a WHERE t.oid = ix.indrelid AND i.oid = ix.indexrelid AND a.attrelid = t.oid AND t.relkind = 'r' and t.relname = 'Warns' GROUP BY i.relname, ix.indexrelid, ix.indisprimary, ix.indisunique, ix.indkey ORDER BY i.relname; {}
[2025-07-17T13:42:30.119Z] LOG: Завершение работы бота... {}
[2025-07-17T13:42:30.150Z] ERROR: { message: undefined, stack: undefined, code: undefined } CONTEXT: {}
[2025-07-17T13:42:54.434Z] LOG: Начинаю регистрацию команд... {}
[2025-07-17T13:42:54.579Z] ERROR: { message: undefined, stack: undefined, code: undefined } CONTEXT: {}
[2025-07-17T13:42:54.586Z] ERROR: { message: undefined, stack: undefined, code: undefined } CONTEXT: {}
[2025-07-17T13:42:54.587Z] LOG: app.js process exited with code 1 {}
[2025-07-17T13:42:55.003Z] LOG: Команды зарегистрированы для гильдии 1343586237868544052 {}
[2025-07-17T13:42:55.004Z] LOG: Успешно зарегистрировано 3 команд! {}
[2025-07-17T13:42:55.741Z] LOG: Executing (default): SELECT 1+1 AS result {}
[2025-07-17T13:42:55.743Z] LOG: Подключение к PostgreSQL успешно установлено {}
[2025-07-17T13:42:55.746Z] LOG: Executing (default): SELECT table_name FROM information_schema.tables WHERE table_schema = 'public' AND table_name = 'Warns' {}
[2025-07-17T13:42:55.758Z] LOG: Executing (default): SELECT pk.constraint_type as "Constraint",c.column_name as "Field", c.column_default as "Default",c.is_nullable as "Null", (CASE WHEN c.udt_name = 'hstore' THEN c.udt_name ELSE c.data_type END) || (CASE WHEN c.character_maximum_length IS NOT NULL THEN '(' || c.character_maximum_length || ')' ELSE '' END) as "Type", (SELECT array_agg(e.enumlabel) FROM pg_catalog.pg_type t JOIN pg_catalog.pg_enum e ON t.oid=e.enumtypid WHERE t.typname=c.udt_name) AS "special", (SELECT pgd.description FROM pg_catalog.pg_statio_all_tables AS st INNER JOIN pg_catalog.pg_description pgd on (pgd.objoid=st.relid) WHERE c.ordinal_position=pgd.objsubid AND c.table_name=st.relname) AS "Comment" FROM information_schema.columns c LEFT JOIN (SELECT tc.table_schema, tc.table_name, cu.column_name, tc.constraint_type FROM information_schema.TABLE_CONSTRAINTS tc JOIN information_schema.KEY_COLUMN_USAGE  cu ON tc.table_schema=cu.table_schema and tc.table_name=cu.table_name and tc.constraint_name=cu.constraint_name and tc.constraint_type='PRIMARY KEY') pk ON pk.table_schema=c.table_schema AND pk.table_name=c.table_name AND pk.column_name=c.column_name WHERE c.table_name = 'Warns' AND c.table_schema = 'public' {}
[2025-07-17T13:42:55.818Z] LOG: Executing (default): SELECT DISTINCT tc.constraint_name as constraint_name, tc.constraint_schema as constraint_schema, tc.constraint_catalog as constraint_catalog, tc.table_name as table_name,tc.table_schema as table_schema,tc.table_catalog as table_catalog,tc.initially_deferred as initially_deferred,tc.is_deferrable as is_deferrable,kcu.column_name as column_name,ccu.table_schema  AS referenced_table_schema,ccu.table_catalog  AS referenced_table_catalog,ccu.table_name  AS referenced_table_name,ccu.column_name AS referenced_column_name FROM information_schema.table_constraints AS tc JOIN information_schema.key_column_usage AS kcu ON tc.constraint_name = kcu.constraint_name JOIN information_schema.constraint_column_usage AS ccu ON ccu.constraint_name = tc.constraint_name WHERE constraint_type = 'FOREIGN KEY' AND tc.table_name = 'Warns' AND tc.table_catalog = 'lewisbot' {}
[2025-07-17T13:42:55.838Z] LOG: Executing (default): ALTER TABLE "Warns" ALTER COLUMN "userId" SET NOT NULL;ALTER TABLE "Warns" ALTER COLUMN "userId" DROP DEFAULT;ALTER TABLE "Warns" ALTER COLUMN "userId" TYPE VARCHAR(255); {}
[2025-07-17T13:42:55.846Z] LOG: Executing (default): ALTER TABLE "Warns" ALTER COLUMN "moderatorId" SET NOT NULL;ALTER TABLE "Warns" ALTER COLUMN "moderatorId" DROP DEFAULT;ALTER TABLE "Warns" ALTER COLUMN "moderatorId" TYPE VARCHAR(255); {}
[2025-07-17T13:42:55.849Z] LOG: Executing (default): ALTER TABLE "Warns" ALTER COLUMN "reason" DROP NOT NULL;ALTER TABLE "Warns" ALTER COLUMN "reason" SET DEFAULT 'Не указана';ALTER TABLE "Warns" ALTER COLUMN "reason" TYPE TEXT; {}
[2025-07-17T13:42:55.856Z] LOG: Executing (default): ALTER TABLE "Warns" ALTER COLUMN "guildId" SET NOT NULL;ALTER TABLE "Warns" ALTER COLUMN "guildId" DROP DEFAULT;ALTER TABLE "Warns" ALTER COLUMN "guildId" TYPE VARCHAR(255); {}
[2025-07-17T13:42:55.859Z] LOG: Executing (default): ALTER TABLE "Warns" ALTER COLUMN "createdAt" SET NOT NULL;ALTER TABLE "Warns" ALTER COLUMN "createdAt" DROP DEFAULT;ALTER TABLE "Warns" ALTER COLUMN "createdAt" TYPE TIMESTAMP WITH TIME ZONE; {}
[2025-07-17T13:42:55.862Z] LOG: Executing (default): SELECT i.relname AS name, ix.indisprimary AS primary, ix.indisunique AS unique, ix.indkey AS indkey, array_agg(a.attnum) as column_indexes, array_agg(a.attname) AS column_names, pg_get_indexdef(ix.indexrelid) AS definition FROM pg_class t, pg_class i, pg_index ix, pg_attribute a WHERE t.oid = ix.indrelid AND i.oid = ix.indexrelid AND a.attrelid = t.oid AND t.relkind = 'r' and t.relname = 'Warns' GROUP BY i.relname, ix.indexrelid, ix.indisprimary, ix.indisunique, ix.indkey ORDER BY i.relname; {}
[2025-07-17T13:46:28.730Z] LOG: Завершение работы бота... {}
[2025-07-17T13:46:30.413Z] LOG: Начинаю регистрацию команд... {}
[2025-07-17T13:46:30.557Z] ERROR: { message: undefined, stack: undefined, code: undefined } CONTEXT: {}
[2025-07-17T13:46:30.563Z] ERROR: { message: undefined, stack: undefined, code: undefined } CONTEXT: {}
[2025-07-17T13:46:30.563Z] LOG: app.js process exited with code 1 {}
[2025-07-17T13:46:30.975Z] LOG: Команды зарегистрированы для гильдии 1343586237868544052 {}
[2025-07-17T13:46:30.976Z] LOG: Успешно зарегистрировано 3 команд! {}
[2025-07-17T13:46:31.826Z] LOG: Executing (default): SELECT 1+1 AS result {}
[2025-07-17T13:46:31.828Z] LOG: Подключение к PostgreSQL успешно установлено {}
[2025-07-17T13:46:31.832Z] LOG: Executing (default): SELECT table_name FROM information_schema.tables WHERE table_schema = 'public' AND table_name = 'Warns' {}
[2025-07-17T13:46:31.846Z] LOG: Executing (default): SELECT pk.constraint_type as "Constraint",c.column_name as "Field", c.column_default as "Default",c.is_nullable as "Null", (CASE WHEN c.udt_name = 'hstore' THEN c.udt_name ELSE c.data_type END) || (CASE WHEN c.character_maximum_length IS NOT NULL THEN '(' || c.character_maximum_length || ')' ELSE '' END) as "Type", (SELECT array_agg(e.enumlabel) FROM pg_catalog.pg_type t JOIN pg_catalog.pg_enum e ON t.oid=e.enumtypid WHERE t.typname=c.udt_name) AS "special", (SELECT pgd.description FROM pg_catalog.pg_statio_all_tables AS st INNER JOIN pg_catalog.pg_description pgd on (pgd.objoid=st.relid) WHERE c.ordinal_position=pgd.objsubid AND c.table_name=st.relname) AS "Comment" FROM information_schema.columns c LEFT JOIN (SELECT tc.table_schema, tc.table_name, cu.column_name, tc.constraint_type FROM information_schema.TABLE_CONSTRAINTS tc JOIN information_schema.KEY_COLUMN_USAGE  cu ON tc.table_schema=cu.table_schema and tc.table_name=cu.table_name and tc.constraint_name=cu.constraint_name and tc.constraint_type='PRIMARY KEY') pk ON pk.table_schema=c.table_schema AND pk.table_name=c.table_name AND pk.column_name=c.column_name WHERE c.table_name = 'Warns' AND c.table_schema = 'public' {}
[2025-07-17T13:46:31.910Z] LOG: Executing (default): SELECT DISTINCT tc.constraint_name as constraint_name, tc.constraint_schema as constraint_schema, tc.constraint_catalog as constraint_catalog, tc.table_name as table_name,tc.table_schema as table_schema,tc.table_catalog as table_catalog,tc.initially_deferred as initially_deferred,tc.is_deferrable as is_deferrable,kcu.column_name as column_name,ccu.table_schema  AS referenced_table_schema,ccu.table_catalog  AS referenced_table_catalog,ccu.table_name  AS referenced_table_name,ccu.column_name AS referenced_column_name FROM information_schema.table_constraints AS tc JOIN information_schema.key_column_usage AS kcu ON tc.constraint_name = kcu.constraint_name JOIN information_schema.constraint_column_usage AS ccu ON ccu.constraint_name = tc.constraint_name WHERE constraint_type = 'FOREIGN KEY' AND tc.table_name = 'Warns' AND tc.table_catalog = 'lewisbot' {}
[2025-07-17T13:46:31.923Z] LOG: Executing (default): ALTER TABLE "Warns" ALTER COLUMN "userId" SET NOT NULL;ALTER TABLE "Warns" ALTER COLUMN "userId" DROP DEFAULT;ALTER TABLE "Warns" ALTER COLUMN "userId" TYPE VARCHAR(255); {}
[2025-07-17T13:46:31.928Z] LOG: Executing (default): ALTER TABLE "Warns" ALTER COLUMN "moderatorId" SET NOT NULL;ALTER TABLE "Warns" ALTER COLUMN "moderatorId" DROP DEFAULT;ALTER TABLE "Warns" ALTER COLUMN "moderatorId" TYPE VARCHAR(255); {}
[2025-07-17T13:46:31.931Z] LOG: Executing (default): ALTER TABLE "Warns" ALTER COLUMN "reason" DROP NOT NULL;ALTER TABLE "Warns" ALTER COLUMN "reason" SET DEFAULT 'Не указана';ALTER TABLE "Warns" ALTER COLUMN "reason" TYPE TEXT; {}
[2025-07-17T13:46:31.937Z] LOG: Executing (default): ALTER TABLE "Warns" ALTER COLUMN "guildId" SET NOT NULL;ALTER TABLE "Warns" ALTER COLUMN "guildId" DROP DEFAULT;ALTER TABLE "Warns" ALTER COLUMN "guildId" TYPE VARCHAR(255); {}
[2025-07-17T13:46:31.940Z] LOG: Executing (default): ALTER TABLE "Warns" ALTER COLUMN "createdAt" SET NOT NULL;ALTER TABLE "Warns" ALTER COLUMN "createdAt" DROP DEFAULT;ALTER TABLE "Warns" ALTER COLUMN "createdAt" TYPE TIMESTAMP WITH TIME ZONE; {}
[2025-07-17T13:46:31.943Z] LOG: Executing (default): SELECT i.relname AS name, ix.indisprimary AS primary, ix.indisunique AS unique, ix.indkey AS indkey, array_agg(a.attnum) as column_indexes, array_agg(a.attname) AS column_names, pg_get_indexdef(ix.indexrelid) AS definition FROM pg_class t, pg_class i, pg_index ix, pg_attribute a WHERE t.oid = ix.indrelid AND i.oid = ix.indexrelid AND a.attrelid = t.oid AND t.relkind = 'r' and t.relname = 'Warns' GROUP BY i.relname, ix.indexrelid, ix.indisprimary, ix.indisunique, ix.indkey ORDER BY i.relname; {}
[2025-07-17T13:47:41.439Z] LOG: Завершение работы бота... {}
[2025-07-17T13:51:43.454Z] LOG: Начинаю регистрацию команд... {}
[2025-07-17T13:51:43.593Z] ERROR: { message: undefined, stack: undefined, code: undefined } CONTEXT: {}
[2025-07-17T13:51:43.600Z] LOG: app.js process exited with code 1 {}
[2025-07-17T13:51:45.016Z] LOG: Executing (default): SELECT 1+1 AS result {}
[2025-07-17T13:51:45.020Z] LOG: Подключение к PostgreSQL успешно установлено {}
[2025-07-17T13:51:45.026Z] LOG: Executing (default): SELECT table_name FROM information_schema.tables WHERE table_schema = 'public' AND table_name = 'Warns' {}
[2025-07-17T13:51:45.044Z] LOG: Executing (default): SELECT pk.constraint_type as "Constraint",c.column_name as "Field", c.column_default as "Default",c.is_nullable as "Null", (CASE WHEN c.udt_name = 'hstore' THEN c.udt_name ELSE c.data_type END) || (CASE WHEN c.character_maximum_length IS NOT NULL THEN '(' || c.character_maximum_length || ')' ELSE '' END) as "Type", (SELECT array_agg(e.enumlabel) FROM pg_catalog.pg_type t JOIN pg_catalog.pg_enum e ON t.oid=e.enumtypid WHERE t.typname=c.udt_name) AS "special", (SELECT pgd.description FROM pg_catalog.pg_statio_all_tables AS st INNER JOIN pg_catalog.pg_description pgd on (pgd.objoid=st.relid) WHERE c.ordinal_position=pgd.objsubid AND c.table_name=st.relname) AS "Comment" FROM information_schema.columns c LEFT JOIN (SELECT tc.table_schema, tc.table_name, cu.column_name, tc.constraint_type FROM information_schema.TABLE_CONSTRAINTS tc JOIN information_schema.KEY_COLUMN_USAGE  cu ON tc.table_schema=cu.table_schema and tc.table_name=cu.table_name and tc.constraint_name=cu.constraint_name and tc.constraint_type='PRIMARY KEY') pk ON pk.table_schema=c.table_schema AND pk.table_name=c.table_name AND pk.column_name=c.column_name WHERE c.table_name = 'Warns' AND c.table_schema = 'public' {}
[2025-07-17T13:51:45.113Z] LOG: Executing (default): SELECT DISTINCT tc.constraint_name as constraint_name, tc.constraint_schema as constraint_schema, tc.constraint_catalog as constraint_catalog, tc.table_name as table_name,tc.table_schema as table_schema,tc.table_catalog as table_catalog,tc.initially_deferred as initially_deferred,tc.is_deferrable as is_deferrable,kcu.column_name as column_name,ccu.table_schema  AS referenced_table_schema,ccu.table_catalog  AS referenced_table_catalog,ccu.table_name  AS referenced_table_name,ccu.column_name AS referenced_column_name FROM information_schema.table_constraints AS tc JOIN information_schema.key_column_usage AS kcu ON tc.constraint_name = kcu.constraint_name JOIN information_schema.constraint_column_usage AS ccu ON ccu.constraint_name = tc.constraint_name WHERE constraint_type = 'FOREIGN KEY' AND tc.table_name = 'Warns' AND tc.table_catalog = 'lewisbot' {}
[2025-07-17T13:51:45.129Z] LOG: Executing (default): ALTER TABLE "Warns" ALTER COLUMN "userId" SET NOT NULL;ALTER TABLE "Warns" ALTER COLUMN "userId" DROP DEFAULT;ALTER TABLE "Warns" ALTER COLUMN "userId" TYPE VARCHAR(255); {}
[2025-07-17T13:51:45.138Z] LOG: Executing (default): ALTER TABLE "Warns" ALTER COLUMN "moderatorId" SET NOT NULL;ALTER TABLE "Warns" ALTER COLUMN "moderatorId" DROP DEFAULT;ALTER TABLE "Warns" ALTER COLUMN "moderatorId" TYPE VARCHAR(255); {}
[2025-07-17T13:51:45.147Z] LOG: Executing (default): ALTER TABLE "Warns" ALTER COLUMN "reason" DROP NOT NULL;ALTER TABLE "Warns" ALTER COLUMN "reason" SET DEFAULT 'Не указана';ALTER TABLE "Warns" ALTER COLUMN "reason" TYPE TEXT; {}
[2025-07-17T13:51:45.162Z] LOG: Executing (default): ALTER TABLE "Warns" ALTER COLUMN "guildId" SET NOT NULL;ALTER TABLE "Warns" ALTER COLUMN "guildId" DROP DEFAULT;ALTER TABLE "Warns" ALTER COLUMN "guildId" TYPE VARCHAR(255); {}
[2025-07-17T13:51:45.168Z] LOG: Executing (default): ALTER TABLE "Warns" ALTER COLUMN "createdAt" SET NOT NULL;ALTER TABLE "Warns" ALTER COLUMN "createdAt" DROP DEFAULT;ALTER TABLE "Warns" ALTER COLUMN "createdAt" TYPE TIMESTAMP WITH TIME ZONE; {}
[2025-07-17T13:51:45.177Z] LOG: Executing (default): SELECT i.relname AS name, ix.indisprimary AS primary, ix.indisunique AS unique, ix.indkey AS indkey, array_agg(a.attnum) as column_indexes, array_agg(a.attname) AS column_names, pg_get_indexdef(ix.indexrelid) AS definition FROM pg_class t, pg_class i, pg_index ix, pg_attribute a WHERE t.oid = ix.indrelid AND i.oid = ix.indexrelid AND a.attrelid = t.oid AND t.relkind = 'r' and t.relname = 'Warns' GROUP BY i.relname, ix.indexrelid, ix.indisprimary, ix.indisunique, ix.indkey ORDER BY i.relname; {}
[2025-07-17T13:51:45.195Z] LOG: Команды зарегистрированы для гильдии 1343586237868544052 {}
[2025-07-17T13:51:45.196Z] LOG: Успешно зарегистрировано 3 команд! {}
[2025-07-17T13:53:51.090Z] LOG: Завершение работы бота... {}
[2025-07-17T13:53:53.736Z] LOG: Начинаю регистрацию команд... {}
[2025-07-17T13:53:53.862Z] ERROR: { message: undefined, stack: undefined, code: undefined } CONTEXT: {}
[2025-07-17T13:53:53.867Z] LOG: App exited with code 1 {}
[2025-07-17T13:53:53.868Z] ERROR: { message: undefined, stack: undefined, code: undefined } CONTEXT: {}
[2025-07-17T13:53:54.224Z] LOG: Команды зарегистрированы для гильдии 1343586237868544052 {}
[2025-07-17T13:53:54.224Z] LOG: Успешно зарегистрировано 3 команд! {}
[2025-07-17T13:53:55.129Z] LOG: Executing (default): SELECT 1+1 AS result {}
[2025-07-17T13:53:55.131Z] LOG: Подключение к PostgreSQL успешно установлено {}
[2025-07-17T13:53:55.135Z] LOG: Executing (default): SELECT table_name FROM information_schema.tables WHERE table_schema = 'public' AND table_name = 'Warns' {}
[2025-07-17T13:53:55.146Z] LOG: Executing (default): SELECT pk.constraint_type as "Constraint",c.column_name as "Field", c.column_default as "Default",c.is_nullable as "Null", (CASE WHEN c.udt_name = 'hstore' THEN c.udt_name ELSE c.data_type END) || (CASE WHEN c.character_maximum_length IS NOT NULL THEN '(' || c.character_maximum_length || ')' ELSE '' END) as "Type", (SELECT array_agg(e.enumlabel) FROM pg_catalog.pg_type t JOIN pg_catalog.pg_enum e ON t.oid=e.enumtypid WHERE t.typname=c.udt_name) AS "special", (SELECT pgd.description FROM pg_catalog.pg_statio_all_tables AS st INNER JOIN pg_catalog.pg_description pgd on (pgd.objoid=st.relid) WHERE c.ordinal_position=pgd.objsubid AND c.table_name=st.relname) AS "Comment" FROM information_schema.columns c LEFT JOIN (SELECT tc.table_schema, tc.table_name, cu.column_name, tc.constraint_type FROM information_schema.TABLE_CONSTRAINTS tc JOIN information_schema.KEY_COLUMN_USAGE  cu ON tc.table_schema=cu.table_schema and tc.table_name=cu.table_name and tc.constraint_name=cu.constraint_name and tc.constraint_type='PRIMARY KEY') pk ON pk.table_schema=c.table_schema AND pk.table_name=c.table_name AND pk.column_name=c.column_name WHERE c.table_name = 'Warns' AND c.table_schema = 'public' {}
[2025-07-17T13:53:55.214Z] LOG: Executing (default): SELECT DISTINCT tc.constraint_name as constraint_name, tc.constraint_schema as constraint_schema, tc.constraint_catalog as constraint_catalog, tc.table_name as table_name,tc.table_schema as table_schema,tc.table_catalog as table_catalog,tc.initially_deferred as initially_deferred,tc.is_deferrable as is_deferrable,kcu.column_name as column_name,ccu.table_schema  AS referenced_table_schema,ccu.table_catalog  AS referenced_table_catalog,ccu.table_name  AS referenced_table_name,ccu.column_name AS referenced_column_name FROM information_schema.table_constraints AS tc JOIN information_schema.key_column_usage AS kcu ON tc.constraint_name = kcu.constraint_name JOIN information_schema.constraint_column_usage AS ccu ON ccu.constraint_name = tc.constraint_name WHERE constraint_type = 'FOREIGN KEY' AND tc.table_name = 'Warns' AND tc.table_catalog = 'lewisbot' {}
[2025-07-17T13:53:55.233Z] LOG: Executing (default): ALTER TABLE "Warns" ALTER COLUMN "userId" SET NOT NULL;ALTER TABLE "Warns" ALTER COLUMN "userId" DROP DEFAULT;ALTER TABLE "Warns" ALTER COLUMN "userId" TYPE VARCHAR(255); {}
[2025-07-17T13:53:55.240Z] LOG: Executing (default): ALTER TABLE "Warns" ALTER COLUMN "moderatorId" SET NOT NULL;ALTER TABLE "Warns" ALTER COLUMN "moderatorId" DROP DEFAULT;ALTER TABLE "Warns" ALTER COLUMN "moderatorId" TYPE VARCHAR(255); {}
[2025-07-17T13:53:55.244Z] LOG: Executing (default): ALTER TABLE "Warns" ALTER COLUMN "reason" DROP NOT NULL;ALTER TABLE "Warns" ALTER COLUMN "reason" SET DEFAULT 'Не указана';ALTER TABLE "Warns" ALTER COLUMN "reason" TYPE TEXT; {}
[2025-07-17T13:53:55.250Z] LOG: Executing (default): ALTER TABLE "Warns" ALTER COLUMN "guildId" SET NOT NULL;ALTER TABLE "Warns" ALTER COLUMN "guildId" DROP DEFAULT;ALTER TABLE "Warns" ALTER COLUMN "guildId" TYPE VARCHAR(255); {}
[2025-07-17T13:53:55.258Z] LOG: Executing (default): ALTER TABLE "Warns" ALTER COLUMN "createdAt" SET NOT NULL;ALTER TABLE "Warns" ALTER COLUMN "createdAt" DROP DEFAULT;ALTER TABLE "Warns" ALTER COLUMN "createdAt" TYPE TIMESTAMP WITH TIME ZONE; {}
[2025-07-17T13:53:55.263Z] LOG: Executing (default): SELECT i.relname AS name, ix.indisprimary AS primary, ix.indisunique AS unique, ix.indkey AS indkey, array_agg(a.attnum) as column_indexes, array_agg(a.attname) AS column_names, pg_get_indexdef(ix.indexrelid) AS definition FROM pg_class t, pg_class i, pg_index ix, pg_attribute a WHERE t.oid = ix.indrelid AND i.oid = ix.indexrelid AND a.attrelid = t.oid AND t.relkind = 'r' and t.relname = 'Warns' GROUP BY i.relname, ix.indexrelid, ix.indisprimary, ix.indisunique, ix.indkey ORDER BY i.relname; {}
[2025-07-17T13:54:59.010Z] LOG: Завершение работы бота... {}
[2025-07-17T13:55:01.413Z] LOG: Начинаю регистрацию команд... {}
[2025-07-17T13:55:01.944Z] LOG: Команды зарегистрированы для гильдии 1343586237868544052 {}
[2025-07-17T13:55:01.945Z] LOG: Успешно зарегистрировано 3 команд! {}
[2025-07-17T13:55:03.253Z] LOG: Executing (default): SELECT 1+1 AS result {}
[2025-07-17T13:55:03.256Z] LOG: Подключение к PostgreSQL успешно установлено {}
[2025-07-17T13:55:03.261Z] LOG: Executing (default): SELECT table_name FROM information_schema.tables WHERE table_schema = 'public' AND table_name = 'Warns' {}
[2025-07-17T13:55:03.274Z] LOG: Executing (default): SELECT pk.constraint_type as "Constraint",c.column_name as "Field", c.column_default as "Default",c.is_nullable as "Null", (CASE WHEN c.udt_name = 'hstore' THEN c.udt_name ELSE c.data_type END) || (CASE WHEN c.character_maximum_length IS NOT NULL THEN '(' || c.character_maximum_length || ')' ELSE '' END) as "Type", (SELECT array_agg(e.enumlabel) FROM pg_catalog.pg_type t JOIN pg_catalog.pg_enum e ON t.oid=e.enumtypid WHERE t.typname=c.udt_name) AS "special", (SELECT pgd.description FROM pg_catalog.pg_statio_all_tables AS st INNER JOIN pg_catalog.pg_description pgd on (pgd.objoid=st.relid) WHERE c.ordinal_position=pgd.objsubid AND c.table_name=st.relname) AS "Comment" FROM information_schema.columns c LEFT JOIN (SELECT tc.table_schema, tc.table_name, cu.column_name, tc.constraint_type FROM information_schema.TABLE_CONSTRAINTS tc JOIN information_schema.KEY_COLUMN_USAGE  cu ON tc.table_schema=cu.table_schema and tc.table_name=cu.table_name and tc.constraint_name=cu.constraint_name and tc.constraint_type='PRIMARY KEY') pk ON pk.table_schema=c.table_schema AND pk.table_name=c.table_name AND pk.column_name=c.column_name WHERE c.table_name = 'Warns' AND c.table_schema = 'public' {}
[2025-07-17T13:55:03.343Z] LOG: Executing (default): SELECT DISTINCT tc.constraint_name as constraint_name, tc.constraint_schema as constraint_schema, tc.constraint_catalog as constraint_catalog, tc.table_name as table_name,tc.table_schema as table_schema,tc.table_catalog as table_catalog,tc.initially_deferred as initially_deferred,tc.is_deferrable as is_deferrable,kcu.column_name as column_name,ccu.table_schema  AS referenced_table_schema,ccu.table_catalog  AS referenced_table_catalog,ccu.table_name  AS referenced_table_name,ccu.column_name AS referenced_column_name FROM information_schema.table_constraints AS tc JOIN information_schema.key_column_usage AS kcu ON tc.constraint_name = kcu.constraint_name JOIN information_schema.constraint_column_usage AS ccu ON ccu.constraint_name = tc.constraint_name WHERE constraint_type = 'FOREIGN KEY' AND tc.table_name = 'Warns' AND tc.table_catalog = 'lewisbot' {}
[2025-07-17T13:55:03.363Z] LOG: Executing (default): ALTER TABLE "Warns" ALTER COLUMN "userId" SET NOT NULL;ALTER TABLE "Warns" ALTER COLUMN "userId" DROP DEFAULT;ALTER TABLE "Warns" ALTER COLUMN "userId" TYPE VARCHAR(255); {}
[2025-07-17T13:55:03.389Z] LOG: Executing (default): ALTER TABLE "Warns" ALTER COLUMN "moderatorId" SET NOT NULL;ALTER TABLE "Warns" ALTER COLUMN "moderatorId" DROP DEFAULT;ALTER TABLE "Warns" ALTER COLUMN "moderatorId" TYPE VARCHAR(255); {}
[2025-07-17T13:55:03.401Z] LOG: Executing (default): ALTER TABLE "Warns" ALTER COLUMN "reason" DROP NOT NULL;ALTER TABLE "Warns" ALTER COLUMN "reason" SET DEFAULT 'Не указана';ALTER TABLE "Warns" ALTER COLUMN "reason" TYPE TEXT; {}
[2025-07-17T13:55:03.412Z] LOG: Executing (default): ALTER TABLE "Warns" ALTER COLUMN "guildId" SET NOT NULL;ALTER TABLE "Warns" ALTER COLUMN "guildId" DROP DEFAULT;ALTER TABLE "Warns" ALTER COLUMN "guildId" TYPE VARCHAR(255); {}
[2025-07-17T13:55:03.418Z] LOG: Executing (default): ALTER TABLE "Warns" ALTER COLUMN "createdAt" SET NOT NULL;ALTER TABLE "Warns" ALTER COLUMN "createdAt" DROP DEFAULT;ALTER TABLE "Warns" ALTER COLUMN "createdAt" TYPE TIMESTAMP WITH TIME ZONE; {}
[2025-07-17T13:55:03.423Z] LOG: Executing (default): SELECT i.relname AS name, ix.indisprimary AS primary, ix.indisunique AS unique, ix.indkey AS indkey, array_agg(a.attnum) as column_indexes, array_agg(a.attname) AS column_names, pg_get_indexdef(ix.indexrelid) AS definition FROM pg_class t, pg_class i, pg_index ix, pg_attribute a WHERE t.oid = ix.indrelid AND i.oid = ix.indexrelid AND a.attrelid = t.oid AND t.relkind = 'r' and t.relname = 'Warns' GROUP BY i.relname, ix.indexrelid, ix.indisprimary, ix.indisunique, ix.indkey ORDER BY i.relname; {}
[2025-07-17T13:55:05.501Z] LOG: Завершение работы бота... {}
[2025-07-17T14:11:56.997Z] LOG: Начинаю регистрацию команд... {}
[2025-07-17T14:11:57.661Z] LOG: Команды зарегистрированы для гильдии 1343586237868544052 {}
[2025-07-17T14:11:57.662Z] LOG: Успешно зарегистрировано 3 команд! {}
[2025-07-17T14:11:58.699Z] LOG: Executing (default): SELECT 1+1 AS result {}
[2025-07-17T14:11:58.705Z] LOG: Подключение к PostgreSQL успешно установлено {}
[2025-07-17T14:11:58.711Z] LOG: Executing (default): SELECT table_name FROM information_schema.tables WHERE table_schema = 'public' AND table_name = 'Warns' {}
[2025-07-17T14:11:58.732Z] LOG: Executing (default): SELECT pk.constraint_type as "Constraint",c.column_name as "Field", c.column_default as "Default",c.is_nullable as "Null", (CASE WHEN c.udt_name = 'hstore' THEN c.udt_name ELSE c.data_type END) || (CASE WHEN c.character_maximum_length IS NOT NULL THEN '(' || c.character_maximum_length || ')' ELSE '' END) as "Type", (SELECT array_agg(e.enumlabel) FROM pg_catalog.pg_type t JOIN pg_catalog.pg_enum e ON t.oid=e.enumtypid WHERE t.typname=c.udt_name) AS "special", (SELECT pgd.description FROM pg_catalog.pg_statio_all_tables AS st INNER JOIN pg_catalog.pg_description pgd on (pgd.objoid=st.relid) WHERE c.ordinal_position=pgd.objsubid AND c.table_name=st.relname) AS "Comment" FROM information_schema.columns c LEFT JOIN (SELECT tc.table_schema, tc.table_name, cu.column_name, tc.constraint_type FROM information_schema.TABLE_CONSTRAINTS tc JOIN information_schema.KEY_COLUMN_USAGE  cu ON tc.table_schema=cu.table_schema and tc.table_name=cu.table_name and tc.constraint_name=cu.constraint_name and tc.constraint_type='PRIMARY KEY') pk ON pk.table_schema=c.table_schema AND pk.table_name=c.table_name AND pk.column_name=c.column_name WHERE c.table_name = 'Warns' AND c.table_schema = 'public' {}
[2025-07-17T14:11:58.833Z] LOG: Executing (default): SELECT DISTINCT tc.constraint_name as constraint_name, tc.constraint_schema as constraint_schema, tc.constraint_catalog as constraint_catalog, tc.table_name as table_name,tc.table_schema as table_schema,tc.table_catalog as table_catalog,tc.initially_deferred as initially_deferred,tc.is_deferrable as is_deferrable,kcu.column_name as column_name,ccu.table_schema  AS referenced_table_schema,ccu.table_catalog  AS referenced_table_catalog,ccu.table_name  AS referenced_table_name,ccu.column_name AS referenced_column_name FROM information_schema.table_constraints AS tc JOIN information_schema.key_column_usage AS kcu ON tc.constraint_name = kcu.constraint_name JOIN information_schema.constraint_column_usage AS ccu ON ccu.constraint_name = tc.constraint_name WHERE constraint_type = 'FOREIGN KEY' AND tc.table_name = 'Warns' AND tc.table_catalog = 'lewisbot' {}
[2025-07-17T14:11:58.847Z] LOG: Executing (default): ALTER TABLE "Warns" ALTER COLUMN "userId" SET NOT NULL;ALTER TABLE "Warns" ALTER COLUMN "userId" DROP DEFAULT;ALTER TABLE "Warns" ALTER COLUMN "userId" TYPE VARCHAR(255); {}
[2025-07-17T14:11:58.857Z] LOG: Executing (default): ALTER TABLE "Warns" ALTER COLUMN "moderatorId" SET NOT NULL;ALTER TABLE "Warns" ALTER COLUMN "moderatorId" DROP DEFAULT;ALTER TABLE "Warns" ALTER COLUMN "moderatorId" TYPE VARCHAR(255); {}
[2025-07-17T14:11:58.863Z] LOG: Executing (default): ALTER TABLE "Warns" ALTER COLUMN "reason" DROP NOT NULL;ALTER TABLE "Warns" ALTER COLUMN "reason" SET DEFAULT 'Не указана';ALTER TABLE "Warns" ALTER COLUMN "reason" TYPE TEXT; {}
[2025-07-17T14:11:58.873Z] LOG: Executing (default): ALTER TABLE "Warns" ALTER COLUMN "guildId" SET NOT NULL;ALTER TABLE "Warns" ALTER COLUMN "guildId" DROP DEFAULT;ALTER TABLE "Warns" ALTER COLUMN "guildId" TYPE VARCHAR(255); {}
[2025-07-17T14:11:58.878Z] LOG: Executing (default): ALTER TABLE "Warns" ALTER COLUMN "createdAt" SET NOT NULL;ALTER TABLE "Warns" ALTER COLUMN "createdAt" DROP DEFAULT;ALTER TABLE "Warns" ALTER COLUMN "createdAt" TYPE TIMESTAMP WITH TIME ZONE; {}
[2025-07-17T14:11:58.883Z] LOG: Executing (default): SELECT i.relname AS name, ix.indisprimary AS primary, ix.indisunique AS unique, ix.indkey AS indkey, array_agg(a.attnum) as column_indexes, array_agg(a.attname) AS column_names, pg_get_indexdef(ix.indexrelid) AS definition FROM pg_class t, pg_class i, pg_index ix, pg_attribute a WHERE t.oid = ix.indrelid AND i.oid = ix.indexrelid AND a.attrelid = t.oid AND t.relkind = 'r' and t.relname = 'Warns' GROUP BY i.relname, ix.indexrelid, ix.indisprimary, ix.indisunique, ix.indkey ORDER BY i.relname; {}
[2025-07-17T14:11:58.899Z] ERROR: { message: undefined, stack: undefined, code: undefined } CONTEXT: ReferenceError: path is not defined
    at startWebServer (E:\sentinel\sentinel\bot.js:22:29)
    at E:\sentinel\sentinel\bot.js:40:9
    at process.processTicksAndRejections (node:internal/process/task_queues:95:5)
[2025-07-17T14:12:27.782Z] LOG: Начинаю регистрацию команд... {}
[2025-07-17T14:12:28.330Z] LOG: Команды зарегистрированы для гильдии 1343586237868544052 {}
[2025-07-17T14:12:28.331Z] LOG: Успешно зарегистрировано 3 команд! {}
[2025-07-17T14:12:29.235Z] LOG: Executing (default): SELECT 1+1 AS result {}
[2025-07-17T14:12:29.237Z] LOG: Подключение к PostgreSQL успешно установлено {}
[2025-07-17T14:12:29.241Z] LOG: Executing (default): SELECT table_name FROM information_schema.tables WHERE table_schema = 'public' AND table_name = 'Warns' {}
[2025-07-17T14:12:29.253Z] LOG: Executing (default): SELECT pk.constraint_type as "Constraint",c.column_name as "Field", c.column_default as "Default",c.is_nullable as "Null", (CASE WHEN c.udt_name = 'hstore' THEN c.udt_name ELSE c.data_type END) || (CASE WHEN c.character_maximum_length IS NOT NULL THEN '(' || c.character_maximum_length || ')' ELSE '' END) as "Type", (SELECT array_agg(e.enumlabel) FROM pg_catalog.pg_type t JOIN pg_catalog.pg_enum e ON t.oid=e.enumtypid WHERE t.typname=c.udt_name) AS "special", (SELECT pgd.description FROM pg_catalog.pg_statio_all_tables AS st INNER JOIN pg_catalog.pg_description pgd on (pgd.objoid=st.relid) WHERE c.ordinal_position=pgd.objsubid AND c.table_name=st.relname) AS "Comment" FROM information_schema.columns c LEFT JOIN (SELECT tc.table_schema, tc.table_name, cu.column_name, tc.constraint_type FROM information_schema.TABLE_CONSTRAINTS tc JOIN information_schema.KEY_COLUMN_USAGE  cu ON tc.table_schema=cu.table_schema and tc.table_name=cu.table_name and tc.constraint_name=cu.constraint_name and tc.constraint_type='PRIMARY KEY') pk ON pk.table_schema=c.table_schema AND pk.table_name=c.table_name AND pk.column_name=c.column_name WHERE c.table_name = 'Warns' AND c.table_schema = 'public' {}
[2025-07-17T14:12:29.324Z] LOG: Executing (default): SELECT DISTINCT tc.constraint_name as constraint_name, tc.constraint_schema as constraint_schema, tc.constraint_catalog as constraint_catalog, tc.table_name as table_name,tc.table_schema as table_schema,tc.table_catalog as table_catalog,tc.initially_deferred as initially_deferred,tc.is_deferrable as is_deferrable,kcu.column_name as column_name,ccu.table_schema  AS referenced_table_schema,ccu.table_catalog  AS referenced_table_catalog,ccu.table_name  AS referenced_table_name,ccu.column_name AS referenced_column_name FROM information_schema.table_constraints AS tc JOIN information_schema.key_column_usage AS kcu ON tc.constraint_name = kcu.constraint_name JOIN information_schema.constraint_column_usage AS ccu ON ccu.constraint_name = tc.constraint_name WHERE constraint_type = 'FOREIGN KEY' AND tc.table_name = 'Warns' AND tc.table_catalog = 'lewisbot' {}
[2025-07-17T14:12:29.338Z] LOG: Executing (default): ALTER TABLE "Warns" ALTER COLUMN "userId" SET NOT NULL;ALTER TABLE "Warns" ALTER COLUMN "userId" DROP DEFAULT;ALTER TABLE "Warns" ALTER COLUMN "userId" TYPE VARCHAR(255); {}
[2025-07-17T14:12:29.345Z] LOG: Executing (default): ALTER TABLE "Warns" ALTER COLUMN "moderatorId" SET NOT NULL;ALTER TABLE "Warns" ALTER COLUMN "moderatorId" DROP DEFAULT;ALTER TABLE "Warns" ALTER COLUMN "moderatorId" TYPE VARCHAR(255); {}
[2025-07-17T14:12:29.349Z] LOG: Executing (default): ALTER TABLE "Warns" ALTER COLUMN "reason" DROP NOT NULL;ALTER TABLE "Warns" ALTER COLUMN "reason" SET DEFAULT 'Не указана';ALTER TABLE "Warns" ALTER COLUMN "reason" TYPE TEXT; {}
[2025-07-17T14:12:29.358Z] LOG: Executing (default): ALTER TABLE "Warns" ALTER COLUMN "guildId" SET NOT NULL;ALTER TABLE "Warns" ALTER COLUMN "guildId" DROP DEFAULT;ALTER TABLE "Warns" ALTER COLUMN "guildId" TYPE VARCHAR(255); {}
[2025-07-17T14:12:29.364Z] LOG: Executing (default): ALTER TABLE "Warns" ALTER COLUMN "createdAt" SET NOT NULL;ALTER TABLE "Warns" ALTER COLUMN "createdAt" DROP DEFAULT;ALTER TABLE "Warns" ALTER COLUMN "createdAt" TYPE TIMESTAMP WITH TIME ZONE; {}
[2025-07-17T14:12:29.371Z] LOG: Executing (default): SELECT i.relname AS name, ix.indisprimary AS primary, ix.indisunique AS unique, ix.indkey AS indkey, array_agg(a.attnum) as column_indexes, array_agg(a.attname) AS column_names, pg_get_indexdef(ix.indexrelid) AS definition FROM pg_class t, pg_class i, pg_index ix, pg_attribute a WHERE t.oid = ix.indrelid AND i.oid = ix.indexrelid AND a.attrelid = t.oid AND t.relkind = 'r' and t.relname = 'Warns' GROUP BY i.relname, ix.indexrelid, ix.indisprimary, ix.indisunique, ix.indkey ORDER BY i.relname; {}
[2025-07-17T14:12:29.446Z] LOG: Начинаю регистрацию команд... {}
[2025-07-17T14:12:29.712Z] LOG: Команды зарегистрированы для гильдии 1343586237868544052 {}
[2025-07-17T14:12:29.713Z] LOG: Успешно зарегистрировано 3 команд! {}
[2025-07-17T14:12:34.111Z] LOG: Веб-сервер завершился с кодом 1 {}
[2025-07-17T14:12:34.964Z] LOG: Бот и веб-сервер успешно запущены {}
[2025-07-17T14:13:00.488Z] LOG: Завершение работы бота... {}
[2025-07-17T14:13:04.642Z] LOG: Начинаю регистрацию команд... {}
[2025-07-17T14:13:05.417Z] LOG: Команды зарегистрированы для гильдии 1343586237868544052 {}
[2025-07-17T14:13:05.419Z] LOG: Успешно зарегистрировано 3 команд! {}
[2025-07-17T14:13:06.603Z] LOG: Executing (default): SELECT 1+1 AS result {}
[2025-07-17T14:13:06.605Z] LOG: Подключение к PostgreSQL успешно установлено {}
[2025-07-17T14:13:06.610Z] LOG: Executing (default): SELECT table_name FROM information_schema.tables WHERE table_schema = 'public' AND table_name = 'Warns' {}
[2025-07-17T14:13:06.623Z] LOG: Executing (default): SELECT pk.constraint_type as "Constraint",c.column_name as "Field", c.column_default as "Default",c.is_nullable as "Null", (CASE WHEN c.udt_name = 'hstore' THEN c.udt_name ELSE c.data_type END) || (CASE WHEN c.character_maximum_length IS NOT NULL THEN '(' || c.character_maximum_length || ')' ELSE '' END) as "Type", (SELECT array_agg(e.enumlabel) FROM pg_catalog.pg_type t JOIN pg_catalog.pg_enum e ON t.oid=e.enumtypid WHERE t.typname=c.udt_name) AS "special", (SELECT pgd.description FROM pg_catalog.pg_statio_all_tables AS st INNER JOIN pg_catalog.pg_description pgd on (pgd.objoid=st.relid) WHERE c.ordinal_position=pgd.objsubid AND c.table_name=st.relname) AS "Comment" FROM information_schema.columns c LEFT JOIN (SELECT tc.table_schema, tc.table_name, cu.column_name, tc.constraint_type FROM information_schema.TABLE_CONSTRAINTS tc JOIN information_schema.KEY_COLUMN_USAGE  cu ON tc.table_schema=cu.table_schema and tc.table_name=cu.table_name and tc.constraint_name=cu.constraint_name and tc.constraint_type='PRIMARY KEY') pk ON pk.table_schema=c.table_schema AND pk.table_name=c.table_name AND pk.column_name=c.column_name WHERE c.table_name = 'Warns' AND c.table_schema = 'public' {}
[2025-07-17T14:13:06.682Z] LOG: Executing (default): SELECT DISTINCT tc.constraint_name as constraint_name, tc.constraint_schema as constraint_schema, tc.constraint_catalog as constraint_catalog, tc.table_name as table_name,tc.table_schema as table_schema,tc.table_catalog as table_catalog,tc.initially_deferred as initially_deferred,tc.is_deferrable as is_deferrable,kcu.column_name as column_name,ccu.table_schema  AS referenced_table_schema,ccu.table_catalog  AS referenced_table_catalog,ccu.table_name  AS referenced_table_name,ccu.column_name AS referenced_column_name FROM information_schema.table_constraints AS tc JOIN information_schema.key_column_usage AS kcu ON tc.constraint_name = kcu.constraint_name JOIN information_schema.constraint_column_usage AS ccu ON ccu.constraint_name = tc.constraint_name WHERE constraint_type = 'FOREIGN KEY' AND tc.table_name = 'Warns' AND tc.table_catalog = 'lewisbot' {}
[2025-07-17T14:13:06.700Z] LOG: Executing (default): ALTER TABLE "Warns" ALTER COLUMN "userId" SET NOT NULL;ALTER TABLE "Warns" ALTER COLUMN "userId" DROP DEFAULT;ALTER TABLE "Warns" ALTER COLUMN "userId" TYPE VARCHAR(255); {}
[2025-07-17T14:13:06.711Z] LOG: Executing (default): ALTER TABLE "Warns" ALTER COLUMN "moderatorId" SET NOT NULL;ALTER TABLE "Warns" ALTER COLUMN "moderatorId" DROP DEFAULT;ALTER TABLE "Warns" ALTER COLUMN "moderatorId" TYPE VARCHAR(255); {}
[2025-07-17T14:13:06.715Z] LOG: Executing (default): ALTER TABLE "Warns" ALTER COLUMN "reason" DROP NOT NULL;ALTER TABLE "Warns" ALTER COLUMN "reason" SET DEFAULT 'Не указана';ALTER TABLE "Warns" ALTER COLUMN "reason" TYPE TEXT; {}
[2025-07-17T14:13:06.725Z] LOG: Executing (default): ALTER TABLE "Warns" ALTER COLUMN "guildId" SET NOT NULL;ALTER TABLE "Warns" ALTER COLUMN "guildId" DROP DEFAULT;ALTER TABLE "Warns" ALTER COLUMN "guildId" TYPE VARCHAR(255); {}
[2025-07-17T14:13:06.731Z] LOG: Executing (default): ALTER TABLE "Warns" ALTER COLUMN "createdAt" SET NOT NULL;ALTER TABLE "Warns" ALTER COLUMN "createdAt" DROP DEFAULT;ALTER TABLE "Warns" ALTER COLUMN "createdAt" TYPE TIMESTAMP WITH TIME ZONE; {}
[2025-07-17T14:13:06.736Z] LOG: Executing (default): SELECT i.relname AS name, ix.indisprimary AS primary, ix.indisunique AS unique, ix.indkey AS indkey, array_agg(a.attnum) as column_indexes, array_agg(a.attname) AS column_names, pg_get_indexdef(ix.indexrelid) AS definition FROM pg_class t, pg_class i, pg_index ix, pg_attribute a WHERE t.oid = ix.indrelid AND i.oid = ix.indexrelid AND a.attrelid = t.oid AND t.relkind = 'r' and t.relname = 'Warns' GROUP BY i.relname, ix.indexrelid, ix.indisprimary, ix.indisunique, ix.indkey ORDER BY i.relname; {}
[2025-07-17T14:13:06.800Z] LOG: Начинаю регистрацию команд... {}
[2025-07-17T14:13:58.080Z] LOG: Завершение работы бота... {}
[2025-07-17T14:13:58.101Z] LOG: Веб-сервер завершился с кодом 0 {}
[2025-07-17T14:13:59.795Z] LOG: Начинаю регистрацию команд... {}
[2025-07-17T14:14:00.375Z] LOG: Команды зарегистрированы для гильдии 1343586237868544052 {}
[2025-07-17T14:14:00.376Z] LOG: Успешно зарегистрировано 3 команд! {}
[2025-07-17T14:14:01.331Z] LOG: Executing (default): SELECT 1+1 AS result {}
[2025-07-17T14:14:01.333Z] LOG: Подключение к PostgreSQL успешно установлено {}
[2025-07-17T14:14:01.337Z] LOG: Executing (default): SELECT table_name FROM information_schema.tables WHERE table_schema = 'public' AND table_name = 'Warns' {}
[2025-07-17T14:14:01.348Z] LOG: Executing (default): SELECT pk.constraint_type as "Constraint",c.column_name as "Field", c.column_default as "Default",c.is_nullable as "Null", (CASE WHEN c.udt_name = 'hstore' THEN c.udt_name ELSE c.data_type END) || (CASE WHEN c.character_maximum_length IS NOT NULL THEN '(' || c.character_maximum_length || ')' ELSE '' END) as "Type", (SELECT array_agg(e.enumlabel) FROM pg_catalog.pg_type t JOIN pg_catalog.pg_enum e ON t.oid=e.enumtypid WHERE t.typname=c.udt_name) AS "special", (SELECT pgd.description FROM pg_catalog.pg_statio_all_tables AS st INNER JOIN pg_catalog.pg_description pgd on (pgd.objoid=st.relid) WHERE c.ordinal_position=pgd.objsubid AND c.table_name=st.relname) AS "Comment" FROM information_schema.columns c LEFT JOIN (SELECT tc.table_schema, tc.table_name, cu.column_name, tc.constraint_type FROM information_schema.TABLE_CONSTRAINTS tc JOIN information_schema.KEY_COLUMN_USAGE  cu ON tc.table_schema=cu.table_schema and tc.table_name=cu.table_name and tc.constraint_name=cu.constraint_name and tc.constraint_type='PRIMARY KEY') pk ON pk.table_schema=c.table_schema AND pk.table_name=c.table_name AND pk.column_name=c.column_name WHERE c.table_name = 'Warns' AND c.table_schema = 'public' {}
[2025-07-17T14:14:01.411Z] LOG: Executing (default): SELECT DISTINCT tc.constraint_name as constraint_name, tc.constraint_schema as constraint_schema, tc.constraint_catalog as constraint_catalog, tc.table_name as table_name,tc.table_schema as table_schema,tc.table_catalog as table_catalog,tc.initially_deferred as initially_deferred,tc.is_deferrable as is_deferrable,kcu.column_name as column_name,ccu.table_schema  AS referenced_table_schema,ccu.table_catalog  AS referenced_table_catalog,ccu.table_name  AS referenced_table_name,ccu.column_name AS referenced_column_name FROM information_schema.table_constraints AS tc JOIN information_schema.key_column_usage AS kcu ON tc.constraint_name = kcu.constraint_name JOIN information_schema.constraint_column_usage AS ccu ON ccu.constraint_name = tc.constraint_name WHERE constraint_type = 'FOREIGN KEY' AND tc.table_name = 'Warns' AND tc.table_catalog = 'lewisbot' {}
[2025-07-17T14:14:01.433Z] LOG: Executing (default): ALTER TABLE "Warns" ALTER COLUMN "userId" SET NOT NULL;ALTER TABLE "Warns" ALTER COLUMN "userId" DROP DEFAULT;ALTER TABLE "Warns" ALTER COLUMN "userId" TYPE VARCHAR(255); {}
[2025-07-17T14:14:01.445Z] LOG: Executing (default): ALTER TABLE "Warns" ALTER COLUMN "moderatorId" SET NOT NULL;ALTER TABLE "Warns" ALTER COLUMN "moderatorId" DROP DEFAULT;ALTER TABLE "Warns" ALTER COLUMN "moderatorId" TYPE VARCHAR(255); {}
[2025-07-17T14:14:01.449Z] LOG: Executing (default): ALTER TABLE "Warns" ALTER COLUMN "reason" DROP NOT NULL;ALTER TABLE "Warns" ALTER COLUMN "reason" SET DEFAULT 'Не указана';ALTER TABLE "Warns" ALTER COLUMN "reason" TYPE TEXT; {}
[2025-07-17T14:14:01.457Z] LOG: Executing (default): ALTER TABLE "Warns" ALTER COLUMN "guildId" SET NOT NULL;ALTER TABLE "Warns" ALTER COLUMN "guildId" DROP DEFAULT;ALTER TABLE "Warns" ALTER COLUMN "guildId" TYPE VARCHAR(255); {}
[2025-07-17T14:14:01.461Z] LOG: Executing (default): ALTER TABLE "Warns" ALTER COLUMN "createdAt" SET NOT NULL;ALTER TABLE "Warns" ALTER COLUMN "createdAt" DROP DEFAULT;ALTER TABLE "Warns" ALTER COLUMN "createdAt" TYPE TIMESTAMP WITH TIME ZONE; {}
[2025-07-17T14:14:01.464Z] LOG: Executing (default): SELECT i.relname AS name, ix.indisprimary AS primary, ix.indisunique AS unique, ix.indkey AS indkey, array_agg(a.attnum) as column_indexes, array_agg(a.attname) AS column_names, pg_get_indexdef(ix.indexrelid) AS definition FROM pg_class t, pg_class i, pg_index ix, pg_attribute a WHERE t.oid = ix.indrelid AND i.oid = ix.indexrelid AND a.attrelid = t.oid AND t.relkind = 'r' and t.relname = 'Warns' GROUP BY i.relname, ix.indexrelid, ix.indisprimary, ix.indisunique, ix.indkey ORDER BY i.relname; {}
[2025-07-17T14:14:01.515Z] LOG: Начинаю регистрацию команд... {}
[2025-07-17T14:14:01.775Z] LOG: Команды зарегистрированы для гильдии 1343586237868544052 {}
[2025-07-17T14:14:01.776Z] LOG: Успешно зарегистрировано 3 команд! {}
[2025-07-17T14:14:06.788Z] LOG: Бот и веб-сервер успешно запущены {}
[2025-07-17T14:14:39.786Z] LOG: Завершение работы бота... {}
[2025-07-17T14:14:39.810Z] LOG: Веб-сервер завершился с кодом 0 {}
[2025-07-17T14:14:42.738Z] LOG: Начинаю регистрацию команд... {}
[2025-07-17T14:14:43.301Z] LOG: Команды зарегистрированы для гильдии 1343586237868544052 {}
[2025-07-17T14:14:43.302Z] LOG: Успешно зарегистрировано 3 команд! {}
[2025-07-17T14:14:44.234Z] LOG: Executing (default): SELECT 1+1 AS result {}
[2025-07-17T14:14:44.237Z] LOG: Подключение к PostgreSQL успешно установлено {}
[2025-07-17T14:14:44.240Z] LOG: Executing (default): SELECT table_name FROM information_schema.tables WHERE table_schema = 'public' AND table_name = 'Warns' {}
[2025-07-17T14:14:44.254Z] LOG: Executing (default): SELECT pk.constraint_type as "Constraint",c.column_name as "Field", c.column_default as "Default",c.is_nullable as "Null", (CASE WHEN c.udt_name = 'hstore' THEN c.udt_name ELSE c.data_type END) || (CASE WHEN c.character_maximum_length IS NOT NULL THEN '(' || c.character_maximum_length || ')' ELSE '' END) as "Type", (SELECT array_agg(e.enumlabel) FROM pg_catalog.pg_type t JOIN pg_catalog.pg_enum e ON t.oid=e.enumtypid WHERE t.typname=c.udt_name) AS "special", (SELECT pgd.description FROM pg_catalog.pg_statio_all_tables AS st INNER JOIN pg_catalog.pg_description pgd on (pgd.objoid=st.relid) WHERE c.ordinal_position=pgd.objsubid AND c.table_name=st.relname) AS "Comment" FROM information_schema.columns c LEFT JOIN (SELECT tc.table_schema, tc.table_name, cu.column_name, tc.constraint_type FROM information_schema.TABLE_CONSTRAINTS tc JOIN information_schema.KEY_COLUMN_USAGE  cu ON tc.table_schema=cu.table_schema and tc.table_name=cu.table_name and tc.constraint_name=cu.constraint_name and tc.constraint_type='PRIMARY KEY') pk ON pk.table_schema=c.table_schema AND pk.table_name=c.table_name AND pk.column_name=c.column_name WHERE c.table_name = 'Warns' AND c.table_schema = 'public' {}
[2025-07-17T14:14:44.321Z] LOG: Executing (default): SELECT DISTINCT tc.constraint_name as constraint_name, tc.constraint_schema as constraint_schema, tc.constraint_catalog as constraint_catalog, tc.table_name as table_name,tc.table_schema as table_schema,tc.table_catalog as table_catalog,tc.initially_deferred as initially_deferred,tc.is_deferrable as is_deferrable,kcu.column_name as column_name,ccu.table_schema  AS referenced_table_schema,ccu.table_catalog  AS referenced_table_catalog,ccu.table_name  AS referenced_table_name,ccu.column_name AS referenced_column_name FROM information_schema.table_constraints AS tc JOIN information_schema.key_column_usage AS kcu ON tc.constraint_name = kcu.constraint_name JOIN information_schema.constraint_column_usage AS ccu ON ccu.constraint_name = tc.constraint_name WHERE constraint_type = 'FOREIGN KEY' AND tc.table_name = 'Warns' AND tc.table_catalog = 'lewisbot' {}
[2025-07-17T14:14:44.335Z] LOG: Executing (default): ALTER TABLE "Warns" ALTER COLUMN "userId" SET NOT NULL;ALTER TABLE "Warns" ALTER COLUMN "userId" DROP DEFAULT;ALTER TABLE "Warns" ALTER COLUMN "userId" TYPE VARCHAR(255); {}
[2025-07-17T14:14:44.342Z] LOG: Executing (default): ALTER TABLE "Warns" ALTER COLUMN "moderatorId" SET NOT NULL;ALTER TABLE "Warns" ALTER COLUMN "moderatorId" DROP DEFAULT;ALTER TABLE "Warns" ALTER COLUMN "moderatorId" TYPE VARCHAR(255); {}
[2025-07-17T14:14:44.347Z] LOG: Executing (default): ALTER TABLE "Warns" ALTER COLUMN "reason" DROP NOT NULL;ALTER TABLE "Warns" ALTER COLUMN "reason" SET DEFAULT 'Не указана';ALTER TABLE "Warns" ALTER COLUMN "reason" TYPE TEXT; {}
[2025-07-17T14:14:44.352Z] LOG: Executing (default): ALTER TABLE "Warns" ALTER COLUMN "guildId" SET NOT NULL;ALTER TABLE "Warns" ALTER COLUMN "guildId" DROP DEFAULT;ALTER TABLE "Warns" ALTER COLUMN "guildId" TYPE VARCHAR(255); {}
[2025-07-17T14:14:44.355Z] LOG: Executing (default): ALTER TABLE "Warns" ALTER COLUMN "createdAt" SET NOT NULL;ALTER TABLE "Warns" ALTER COLUMN "createdAt" DROP DEFAULT;ALTER TABLE "Warns" ALTER COLUMN "createdAt" TYPE TIMESTAMP WITH TIME ZONE; {}
[2025-07-17T14:14:44.358Z] LOG: Executing (default): SELECT i.relname AS name, ix.indisprimary AS primary, ix.indisunique AS unique, ix.indkey AS indkey, array_agg(a.attnum) as column_indexes, array_agg(a.attname) AS column_names, pg_get_indexdef(ix.indexrelid) AS definition FROM pg_class t, pg_class i, pg_index ix, pg_attribute a WHERE t.oid = ix.indrelid AND i.oid = ix.indexrelid AND a.attrelid = t.oid AND t.relkind = 'r' and t.relname = 'Warns' GROUP BY i.relname, ix.indexrelid, ix.indisprimary, ix.indisunique, ix.indkey ORDER BY i.relname; {}
[2025-07-17T14:14:44.421Z] LOG: Начинаю регистрацию команд... {}
[2025-07-17T14:15:18.136Z] LOG: Завершение работы бота... {}
[2025-07-17T14:15:18.155Z] LOG: Веб-сервер завершился с кодом 0 {}
[2025-07-17T14:15:21.099Z] LOG: Начинаю регистрацию команд... {}
[2025-07-17T14:15:21.638Z] LOG: Команды зарегистрированы для гильдии 1343586237868544052 {}
[2025-07-17T14:15:21.639Z] LOG: Успешно зарегистрировано 3 команд! {}
[2025-07-17T14:15:22.821Z] LOG: Executing (default): SELECT 1+1 AS result {}
[2025-07-17T14:15:22.823Z] LOG: Подключение к PostgreSQL успешно установлено {}
[2025-07-17T14:15:22.827Z] LOG: Executing (default): SELECT table_name FROM information_schema.tables WHERE table_schema = 'public' AND table_name = 'Warns' {}
[2025-07-17T14:15:22.842Z] LOG: Executing (default): SELECT pk.constraint_type as "Constraint",c.column_name as "Field", c.column_default as "Default",c.is_nullable as "Null", (CASE WHEN c.udt_name = 'hstore' THEN c.udt_name ELSE c.data_type END) || (CASE WHEN c.character_maximum_length IS NOT NULL THEN '(' || c.character_maximum_length || ')' ELSE '' END) as "Type", (SELECT array_agg(e.enumlabel) FROM pg_catalog.pg_type t JOIN pg_catalog.pg_enum e ON t.oid=e.enumtypid WHERE t.typname=c.udt_name) AS "special", (SELECT pgd.description FROM pg_catalog.pg_statio_all_tables AS st INNER JOIN pg_catalog.pg_description pgd on (pgd.objoid=st.relid) WHERE c.ordinal_position=pgd.objsubid AND c.table_name=st.relname) AS "Comment" FROM information_schema.columns c LEFT JOIN (SELECT tc.table_schema, tc.table_name, cu.column_name, tc.constraint_type FROM information_schema.TABLE_CONSTRAINTS tc JOIN information_schema.KEY_COLUMN_USAGE  cu ON tc.table_schema=cu.table_schema and tc.table_name=cu.table_name and tc.constraint_name=cu.constraint_name and tc.constraint_type='PRIMARY KEY') pk ON pk.table_schema=c.table_schema AND pk.table_name=c.table_name AND pk.column_name=c.column_name WHERE c.table_name = 'Warns' AND c.table_schema = 'public' {}
[2025-07-17T14:15:22.914Z] LOG: Executing (default): SELECT DISTINCT tc.constraint_name as constraint_name, tc.constraint_schema as constraint_schema, tc.constraint_catalog as constraint_catalog, tc.table_name as table_name,tc.table_schema as table_schema,tc.table_catalog as table_catalog,tc.initially_deferred as initially_deferred,tc.is_deferrable as is_deferrable,kcu.column_name as column_name,ccu.table_schema  AS referenced_table_schema,ccu.table_catalog  AS referenced_table_catalog,ccu.table_name  AS referenced_table_name,ccu.column_name AS referenced_column_name FROM information_schema.table_constraints AS tc JOIN information_schema.key_column_usage AS kcu ON tc.constraint_name = kcu.constraint_name JOIN information_schema.constraint_column_usage AS ccu ON ccu.constraint_name = tc.constraint_name WHERE constraint_type = 'FOREIGN KEY' AND tc.table_name = 'Warns' AND tc.table_catalog = 'lewisbot' {}
[2025-07-17T14:15:22.930Z] LOG: Executing (default): ALTER TABLE "Warns" ALTER COLUMN "userId" SET NOT NULL;ALTER TABLE "Warns" ALTER COLUMN "userId" DROP DEFAULT;ALTER TABLE "Warns" ALTER COLUMN "userId" TYPE VARCHAR(255); {}
[2025-07-17T14:15:22.935Z] LOG: Executing (default): ALTER TABLE "Warns" ALTER COLUMN "moderatorId" SET NOT NULL;ALTER TABLE "Warns" ALTER COLUMN "moderatorId" DROP DEFAULT;ALTER TABLE "Warns" ALTER COLUMN "moderatorId" TYPE VARCHAR(255); {}
[2025-07-17T14:15:22.939Z] LOG: Executing (default): ALTER TABLE "Warns" ALTER COLUMN "reason" DROP NOT NULL;ALTER TABLE "Warns" ALTER COLUMN "reason" SET DEFAULT 'Не указана';ALTER TABLE "Warns" ALTER COLUMN "reason" TYPE TEXT; {}
[2025-07-17T14:15:22.945Z] LOG: Executing (default): ALTER TABLE "Warns" ALTER COLUMN "guildId" SET NOT NULL;ALTER TABLE "Warns" ALTER COLUMN "guildId" DROP DEFAULT;ALTER TABLE "Warns" ALTER COLUMN "guildId" TYPE VARCHAR(255); {}
[2025-07-17T14:15:22.953Z] LOG: Executing (default): ALTER TABLE "Warns" ALTER COLUMN "createdAt" SET NOT NULL;ALTER TABLE "Warns" ALTER COLUMN "createdAt" DROP DEFAULT;ALTER TABLE "Warns" ALTER COLUMN "createdAt" TYPE TIMESTAMP WITH TIME ZONE; {}
[2025-07-17T14:15:22.957Z] LOG: Executing (default): SELECT i.relname AS name, ix.indisprimary AS primary, ix.indisunique AS unique, ix.indkey AS indkey, array_agg(a.attnum) as column_indexes, array_agg(a.attname) AS column_names, pg_get_indexdef(ix.indexrelid) AS definition FROM pg_class t, pg_class i, pg_index ix, pg_attribute a WHERE t.oid = ix.indrelid AND i.oid = ix.indexrelid AND a.attrelid = t.oid AND t.relkind = 'r' and t.relname = 'Warns' GROUP BY i.relname, ix.indexrelid, ix.indisprimary, ix.indisunique, ix.indkey ORDER BY i.relname; {}
[2025-07-17T14:15:23.018Z] LOG: Начинаю регистрацию команд... {}
[2025-07-17T14:15:44.898Z] LOG: Завершение работы бота... {}
[2025-07-17T14:15:44.923Z] LOG: Веб-сервер завершился с кодом 0 {}
[2025-07-17T14:15:49.715Z] LOG: Начинаю регистрацию команд... {}
[2025-07-17T14:15:50.267Z] LOG: Команды зарегистрированы для гильдии 1343586237868544052 {}
[2025-07-17T14:15:50.268Z] LOG: Успешно зарегистрировано 3 команд! {}
[2025-07-17T14:15:51.525Z] LOG: Executing (default): SELECT 1+1 AS result {}
[2025-07-17T14:15:51.527Z] LOG: Подключение к PostgreSQL успешно установлено {}
[2025-07-17T14:15:51.531Z] LOG: Executing (default): SELECT table_name FROM information_schema.tables WHERE table_schema = 'public' AND table_name = 'Warns' {}
[2025-07-17T14:15:51.545Z] LOG: Executing (default): SELECT pk.constraint_type as "Constraint",c.column_name as "Field", c.column_default as "Default",c.is_nullable as "Null", (CASE WHEN c.udt_name = 'hstore' THEN c.udt_name ELSE c.data_type END) || (CASE WHEN c.character_maximum_length IS NOT NULL THEN '(' || c.character_maximum_length || ')' ELSE '' END) as "Type", (SELECT array_agg(e.enumlabel) FROM pg_catalog.pg_type t JOIN pg_catalog.pg_enum e ON t.oid=e.enumtypid WHERE t.typname=c.udt_name) AS "special", (SELECT pgd.description FROM pg_catalog.pg_statio_all_tables AS st INNER JOIN pg_catalog.pg_description pgd on (pgd.objoid=st.relid) WHERE c.ordinal_position=pgd.objsubid AND c.table_name=st.relname) AS "Comment" FROM information_schema.columns c LEFT JOIN (SELECT tc.table_schema, tc.table_name, cu.column_name, tc.constraint_type FROM information_schema.TABLE_CONSTRAINTS tc JOIN information_schema.KEY_COLUMN_USAGE  cu ON tc.table_schema=cu.table_schema and tc.table_name=cu.table_name and tc.constraint_name=cu.constraint_name and tc.constraint_type='PRIMARY KEY') pk ON pk.table_schema=c.table_schema AND pk.table_name=c.table_name AND pk.column_name=c.column_name WHERE c.table_name = 'Warns' AND c.table_schema = 'public' {}
[2025-07-17T14:15:51.624Z] LOG: Executing (default): SELECT DISTINCT tc.constraint_name as constraint_name, tc.constraint_schema as constraint_schema, tc.constraint_catalog as constraint_catalog, tc.table_name as table_name,tc.table_schema as table_schema,tc.table_catalog as table_catalog,tc.initially_deferred as initially_deferred,tc.is_deferrable as is_deferrable,kcu.column_name as column_name,ccu.table_schema  AS referenced_table_schema,ccu.table_catalog  AS referenced_table_catalog,ccu.table_name  AS referenced_table_name,ccu.column_name AS referenced_column_name FROM information_schema.table_constraints AS tc JOIN information_schema.key_column_usage AS kcu ON tc.constraint_name = kcu.constraint_name JOIN information_schema.constraint_column_usage AS ccu ON ccu.constraint_name = tc.constraint_name WHERE constraint_type = 'FOREIGN KEY' AND tc.table_name = 'Warns' AND tc.table_catalog = 'lewisbot' {}
[2025-07-17T14:15:51.674Z] LOG: Executing (default): ALTER TABLE "Warns" ALTER COLUMN "userId" SET NOT NULL;ALTER TABLE "Warns" ALTER COLUMN "userId" DROP DEFAULT;ALTER TABLE "Warns" ALTER COLUMN "userId" TYPE VARCHAR(255); {}
[2025-07-17T14:15:51.704Z] LOG: Executing (default): ALTER TABLE "Warns" ALTER COLUMN "moderatorId" SET NOT NULL;ALTER TABLE "Warns" ALTER COLUMN "moderatorId" DROP DEFAULT;ALTER TABLE "Warns" ALTER COLUMN "moderatorId" TYPE VARCHAR(255); {}
[2025-07-17T14:15:51.766Z] LOG: Executing (default): ALTER TABLE "Warns" ALTER COLUMN "reason" DROP NOT NULL;ALTER TABLE "Warns" ALTER COLUMN "reason" SET DEFAULT 'Не указана';ALTER TABLE "Warns" ALTER COLUMN "reason" TYPE TEXT; {}
[2025-07-17T14:15:52.000Z] LOG: Executing (default): ALTER TABLE "Warns" ALTER COLUMN "guildId" SET NOT NULL;ALTER TABLE "Warns" ALTER COLUMN "guildId" DROP DEFAULT;ALTER TABLE "Warns" ALTER COLUMN "guildId" TYPE VARCHAR(255); {}
[2025-07-17T14:15:52.011Z] LOG: Executing (default): ALTER TABLE "Warns" ALTER COLUMN "createdAt" SET NOT NULL;ALTER TABLE "Warns" ALTER COLUMN "createdAt" DROP DEFAULT;ALTER TABLE "Warns" ALTER COLUMN "createdAt" TYPE TIMESTAMP WITH TIME ZONE; {}
[2025-07-17T14:15:52.052Z] LOG: Executing (default): SELECT i.relname AS name, ix.indisprimary AS primary, ix.indisunique AS unique, ix.indkey AS indkey, array_agg(a.attnum) as column_indexes, array_agg(a.attname) AS column_names, pg_get_indexdef(ix.indexrelid) AS definition FROM pg_class t, pg_class i, pg_index ix, pg_attribute a WHERE t.oid = ix.indrelid AND i.oid = ix.indexrelid AND a.attrelid = t.oid AND t.relkind = 'r' and t.relname = 'Warns' GROUP BY i.relname, ix.indexrelid, ix.indisprimary, ix.indisunique, ix.indkey ORDER BY i.relname; {}
[2025-07-17T14:15:52.255Z] LOG: Начинаю регистрацию команд... {}
[2025-07-17T14:16:30.739Z] LOG: Команды зарегистрированы для гильдии 1343586237868544052 {}
[2025-07-17T14:16:30.739Z] LOG: Успешно зарегистрировано 3 команд! {}
[2025-07-17T14:16:31.517Z] LOG: Бот и веб-сервер успешно запущены {}
[2025-07-17T14:18:45.111Z] LOG: Завершение работы бота... {}
[2025-07-17T14:18:45.123Z] LOG: Веб-сервер завершился с кодом 0 {}
[2025-07-17T14:18:47.366Z] LOG: Начинаю регистрацию команд... {}
[2025-07-17T14:18:47.940Z] LOG: Команды зарегистрированы для гильдии 1343586237868544052 {}
[2025-07-17T14:18:47.942Z] LOG: Успешно зарегистрировано 3 команд! {}
[2025-07-17T14:18:49.300Z] LOG: Executing (default): SELECT 1+1 AS result {}
[2025-07-17T14:18:49.302Z] LOG: Подключение к PostgreSQL успешно установлено {}
[2025-07-17T14:18:49.305Z] LOG: Executing (default): SELECT table_name FROM information_schema.tables WHERE table_schema = 'public' AND table_name = 'Warns' {}
[2025-07-17T14:18:49.317Z] LOG: Executing (default): SELECT pk.constraint_type as "Constraint",c.column_name as "Field", c.column_default as "Default",c.is_nullable as "Null", (CASE WHEN c.udt_name = 'hstore' THEN c.udt_name ELSE c.data_type END) || (CASE WHEN c.character_maximum_length IS NOT NULL THEN '(' || c.character_maximum_length || ')' ELSE '' END) as "Type", (SELECT array_agg(e.enumlabel) FROM pg_catalog.pg_type t JOIN pg_catalog.pg_enum e ON t.oid=e.enumtypid WHERE t.typname=c.udt_name) AS "special", (SELECT pgd.description FROM pg_catalog.pg_statio_all_tables AS st INNER JOIN pg_catalog.pg_description pgd on (pgd.objoid=st.relid) WHERE c.ordinal_position=pgd.objsubid AND c.table_name=st.relname) AS "Comment" FROM information_schema.columns c LEFT JOIN (SELECT tc.table_schema, tc.table_name, cu.column_name, tc.constraint_type FROM information_schema.TABLE_CONSTRAINTS tc JOIN information_schema.KEY_COLUMN_USAGE  cu ON tc.table_schema=cu.table_schema and tc.table_name=cu.table_name and tc.constraint_name=cu.constraint_name and tc.constraint_type='PRIMARY KEY') pk ON pk.table_schema=c.table_schema AND pk.table_name=c.table_name AND pk.column_name=c.column_name WHERE c.table_name = 'Warns' AND c.table_schema = 'public' {}
[2025-07-17T14:18:49.384Z] LOG: Executing (default): SELECT DISTINCT tc.constraint_name as constraint_name, tc.constraint_schema as constraint_schema, tc.constraint_catalog as constraint_catalog, tc.table_name as table_name,tc.table_schema as table_schema,tc.table_catalog as table_catalog,tc.initially_deferred as initially_deferred,tc.is_deferrable as is_deferrable,kcu.column_name as column_name,ccu.table_schema  AS referenced_table_schema,ccu.table_catalog  AS referenced_table_catalog,ccu.table_name  AS referenced_table_name,ccu.column_name AS referenced_column_name FROM information_schema.table_constraints AS tc JOIN information_schema.key_column_usage AS kcu ON tc.constraint_name = kcu.constraint_name JOIN information_schema.constraint_column_usage AS ccu ON ccu.constraint_name = tc.constraint_name WHERE constraint_type = 'FOREIGN KEY' AND tc.table_name = 'Warns' AND tc.table_catalog = 'lewisbot' {}
[2025-07-17T14:18:49.408Z] LOG: Executing (default): ALTER TABLE "Warns" ALTER COLUMN "userId" SET NOT NULL;ALTER TABLE "Warns" ALTER COLUMN "userId" DROP DEFAULT;ALTER TABLE "Warns" ALTER COLUMN "userId" TYPE VARCHAR(255); {}
[2025-07-17T14:18:49.415Z] LOG: Executing (default): ALTER TABLE "Warns" ALTER COLUMN "moderatorId" SET NOT NULL;ALTER TABLE "Warns" ALTER COLUMN "moderatorId" DROP DEFAULT;ALTER TABLE "Warns" ALTER COLUMN "moderatorId" TYPE VARCHAR(255); {}
[2025-07-17T14:18:49.424Z] LOG: Executing (default): ALTER TABLE "Warns" ALTER COLUMN "reason" DROP NOT NULL;ALTER TABLE "Warns" ALTER COLUMN "reason" SET DEFAULT 'Не указана';ALTER TABLE "Warns" ALTER COLUMN "reason" TYPE TEXT; {}
[2025-07-17T14:18:49.431Z] LOG: Executing (default): ALTER TABLE "Warns" ALTER COLUMN "guildId" SET NOT NULL;ALTER TABLE "Warns" ALTER COLUMN "guildId" DROP DEFAULT;ALTER TABLE "Warns" ALTER COLUMN "guildId" TYPE VARCHAR(255); {}
[2025-07-17T14:18:49.435Z] LOG: Executing (default): ALTER TABLE "Warns" ALTER COLUMN "createdAt" SET NOT NULL;ALTER TABLE "Warns" ALTER COLUMN "createdAt" DROP DEFAULT;ALTER TABLE "Warns" ALTER COLUMN "createdAt" TYPE TIMESTAMP WITH TIME ZONE; {}
[2025-07-17T14:18:49.439Z] LOG: Executing (default): SELECT i.relname AS name, ix.indisprimary AS primary, ix.indisunique AS unique, ix.indkey AS indkey, array_agg(a.attnum) as column_indexes, array_agg(a.attname) AS column_names, pg_get_indexdef(ix.indexrelid) AS definition FROM pg_class t, pg_class i, pg_index ix, pg_attribute a WHERE t.oid = ix.indrelid AND i.oid = ix.indexrelid AND a.attrelid = t.oid AND t.relkind = 'r' and t.relname = 'Warns' GROUP BY i.relname, ix.indexrelid, ix.indisprimary, ix.indisunique, ix.indkey ORDER BY i.relname; {}
[2025-07-17T14:18:49.503Z] LOG: Начинаю регистрацию команд... {}
[2025-07-17T14:18:49.847Z] LOG: Команды зарегистрированы для гильдии 1343586237868544052 {}
[2025-07-17T14:18:49.847Z] LOG: Успешно зарегистрировано 3 команд! {}
[2025-07-17T14:18:50.032Z] LOG: Веб-сервер завершился с кодом 0 {}
[2025-07-17T14:18:54.843Z] LOG: Бот и веб-сервер успешно запущены {}
[2025-07-17T14:19:15.508Z] LOG: Завершение работы бота... {}
[2025-07-17T14:19:18.573Z] LOG: Начинаю регистрацию команд... {}
[2025-07-17T14:19:19.257Z] LOG: Команды зарегистрированы для гильдии 1343586237868544052 {}
[2025-07-17T14:19:19.332Z] LOG: Успешно зарегистрировано 3 команд! {}
[2025-07-17T14:19:20.783Z] LOG: Executing (default): SELECT 1+1 AS result {}
[2025-07-17T14:19:20.785Z] LOG: Подключение к PostgreSQL успешно установлено {}
[2025-07-17T14:19:20.789Z] LOG: Executing (default): SELECT table_name FROM information_schema.tables WHERE table_schema = 'public' AND table_name = 'Warns' {}
[2025-07-17T14:19:20.800Z] LOG: Executing (default): SELECT pk.constraint_type as "Constraint",c.column_name as "Field", c.column_default as "Default",c.is_nullable as "Null", (CASE WHEN c.udt_name = 'hstore' THEN c.udt_name ELSE c.data_type END) || (CASE WHEN c.character_maximum_length IS NOT NULL THEN '(' || c.character_maximum_length || ')' ELSE '' END) as "Type", (SELECT array_agg(e.enumlabel) FROM pg_catalog.pg_type t JOIN pg_catalog.pg_enum e ON t.oid=e.enumtypid WHERE t.typname=c.udt_name) AS "special", (SELECT pgd.description FROM pg_catalog.pg_statio_all_tables AS st INNER JOIN pg_catalog.pg_description pgd on (pgd.objoid=st.relid) WHERE c.ordinal_position=pgd.objsubid AND c.table_name=st.relname) AS "Comment" FROM information_schema.columns c LEFT JOIN (SELECT tc.table_schema, tc.table_name, cu.column_name, tc.constraint_type FROM information_schema.TABLE_CONSTRAINTS tc JOIN information_schema.KEY_COLUMN_USAGE  cu ON tc.table_schema=cu.table_schema and tc.table_name=cu.table_name and tc.constraint_name=cu.constraint_name and tc.constraint_type='PRIMARY KEY') pk ON pk.table_schema=c.table_schema AND pk.table_name=c.table_name AND pk.column_name=c.column_name WHERE c.table_name = 'Warns' AND c.table_schema = 'public' {}
[2025-07-17T14:19:20.855Z] LOG: Executing (default): SELECT DISTINCT tc.constraint_name as constraint_name, tc.constraint_schema as constraint_schema, tc.constraint_catalog as constraint_catalog, tc.table_name as table_name,tc.table_schema as table_schema,tc.table_catalog as table_catalog,tc.initially_deferred as initially_deferred,tc.is_deferrable as is_deferrable,kcu.column_name as column_name,ccu.table_schema  AS referenced_table_schema,ccu.table_catalog  AS referenced_table_catalog,ccu.table_name  AS referenced_table_name,ccu.column_name AS referenced_column_name FROM information_schema.table_constraints AS tc JOIN information_schema.key_column_usage AS kcu ON tc.constraint_name = kcu.constraint_name JOIN information_schema.constraint_column_usage AS ccu ON ccu.constraint_name = tc.constraint_name WHERE constraint_type = 'FOREIGN KEY' AND tc.table_name = 'Warns' AND tc.table_catalog = 'lewisbot' {}
[2025-07-17T14:19:20.874Z] LOG: Executing (default): ALTER TABLE "Warns" ALTER COLUMN "userId" SET NOT NULL;ALTER TABLE "Warns" ALTER COLUMN "userId" DROP DEFAULT;ALTER TABLE "Warns" ALTER COLUMN "userId" TYPE VARCHAR(255); {}
[2025-07-17T14:19:20.879Z] LOG: Executing (default): ALTER TABLE "Warns" ALTER COLUMN "moderatorId" SET NOT NULL;ALTER TABLE "Warns" ALTER COLUMN "moderatorId" DROP DEFAULT;ALTER TABLE "Warns" ALTER COLUMN "moderatorId" TYPE VARCHAR(255); {}
[2025-07-17T14:19:20.882Z] LOG: Executing (default): ALTER TABLE "Warns" ALTER COLUMN "reason" DROP NOT NULL;ALTER TABLE "Warns" ALTER COLUMN "reason" SET DEFAULT 'Не указана';ALTER TABLE "Warns" ALTER COLUMN "reason" TYPE TEXT; {}
[2025-07-17T14:19:20.890Z] LOG: Executing (default): ALTER TABLE "Warns" ALTER COLUMN "guildId" SET NOT NULL;ALTER TABLE "Warns" ALTER COLUMN "guildId" DROP DEFAULT;ALTER TABLE "Warns" ALTER COLUMN "guildId" TYPE VARCHAR(255); {}
[2025-07-17T14:19:20.894Z] LOG: Executing (default): ALTER TABLE "Warns" ALTER COLUMN "createdAt" SET NOT NULL;ALTER TABLE "Warns" ALTER COLUMN "createdAt" DROP DEFAULT;ALTER TABLE "Warns" ALTER COLUMN "createdAt" TYPE TIMESTAMP WITH TIME ZONE; {}
[2025-07-17T14:19:20.897Z] LOG: Executing (default): SELECT i.relname AS name, ix.indisprimary AS primary, ix.indisunique AS unique, ix.indkey AS indkey, array_agg(a.attnum) as column_indexes, array_agg(a.attname) AS column_names, pg_get_indexdef(ix.indexrelid) AS definition FROM pg_class t, pg_class i, pg_index ix, pg_attribute a WHERE t.oid = ix.indrelid AND i.oid = ix.indexrelid AND a.attrelid = t.oid AND t.relkind = 'r' and t.relname = 'Warns' GROUP BY i.relname, ix.indexrelid, ix.indisprimary, ix.indisunique, ix.indkey ORDER BY i.relname; {}
[2025-07-17T14:19:20.952Z] LOG: Начинаю регистрацию команд... {}
[2025-07-17T14:20:18.418Z] LOG: Команды зарегистрированы для гильдии 1343586237868544052 {}
[2025-07-17T14:20:18.419Z] LOG: Успешно зарегистрировано 3 команд! {}
[2025-07-17T14:20:19.218Z] LOG: Бот и веб-сервер успешно запущены {}
[2025-07-17T14:20:30.666Z] LOG: Завершение работы бота... {}
[2025-07-17T14:20:30.688Z] LOG: Веб-сервер завершился с кодом 0 {}
[2025-07-17T14:20:33.022Z] LOG: Начинаю регистрацию команд... {}
[2025-07-17T14:20:33.538Z] LOG: Команды зарегистрированы для гильдии 1343586237868544052 {}
[2025-07-17T14:20:33.539Z] LOG: Успешно зарегистрировано 3 команд! {}
[2025-07-17T14:20:34.369Z] LOG: Executing (default): SELECT 1+1 AS result {}
[2025-07-17T14:20:34.372Z] LOG: Подключение к PostgreSQL успешно установлено {}
[2025-07-17T14:20:34.376Z] LOG: Executing (default): SELECT table_name FROM information_schema.tables WHERE table_schema = 'public' AND table_name = 'Warns' {}
[2025-07-17T14:20:34.385Z] LOG: Executing (default): SELECT pk.constraint_type as "Constraint",c.column_name as "Field", c.column_default as "Default",c.is_nullable as "Null", (CASE WHEN c.udt_name = 'hstore' THEN c.udt_name ELSE c.data_type END) || (CASE WHEN c.character_maximum_length IS NOT NULL THEN '(' || c.character_maximum_length || ')' ELSE '' END) as "Type", (SELECT array_agg(e.enumlabel) FROM pg_catalog.pg_type t JOIN pg_catalog.pg_enum e ON t.oid=e.enumtypid WHERE t.typname=c.udt_name) AS "special", (SELECT pgd.description FROM pg_catalog.pg_statio_all_tables AS st INNER JOIN pg_catalog.pg_description pgd on (pgd.objoid=st.relid) WHERE c.ordinal_position=pgd.objsubid AND c.table_name=st.relname) AS "Comment" FROM information_schema.columns c LEFT JOIN (SELECT tc.table_schema, tc.table_name, cu.column_name, tc.constraint_type FROM information_schema.TABLE_CONSTRAINTS tc JOIN information_schema.KEY_COLUMN_USAGE  cu ON tc.table_schema=cu.table_schema and tc.table_name=cu.table_name and tc.constraint_name=cu.constraint_name and tc.constraint_type='PRIMARY KEY') pk ON pk.table_schema=c.table_schema AND pk.table_name=c.table_name AND pk.column_name=c.column_name WHERE c.table_name = 'Warns' AND c.table_schema = 'public' {}
[2025-07-17T14:20:34.442Z] LOG: Executing (default): SELECT DISTINCT tc.constraint_name as constraint_name, tc.constraint_schema as constraint_schema, tc.constraint_catalog as constraint_catalog, tc.table_name as table_name,tc.table_schema as table_schema,tc.table_catalog as table_catalog,tc.initially_deferred as initially_deferred,tc.is_deferrable as is_deferrable,kcu.column_name as column_name,ccu.table_schema  AS referenced_table_schema,ccu.table_catalog  AS referenced_table_catalog,ccu.table_name  AS referenced_table_name,ccu.column_name AS referenced_column_name FROM information_schema.table_constraints AS tc JOIN information_schema.key_column_usage AS kcu ON tc.constraint_name = kcu.constraint_name JOIN information_schema.constraint_column_usage AS ccu ON ccu.constraint_name = tc.constraint_name WHERE constraint_type = 'FOREIGN KEY' AND tc.table_name = 'Warns' AND tc.table_catalog = 'lewisbot' {}
[2025-07-17T14:20:34.466Z] LOG: Executing (default): ALTER TABLE "Warns" ALTER COLUMN "userId" SET NOT NULL;ALTER TABLE "Warns" ALTER COLUMN "userId" DROP DEFAULT;ALTER TABLE "Warns" ALTER COLUMN "userId" TYPE VARCHAR(255); {}
[2025-07-17T14:20:34.472Z] LOG: Executing (default): ALTER TABLE "Warns" ALTER COLUMN "moderatorId" SET NOT NULL;ALTER TABLE "Warns" ALTER COLUMN "moderatorId" DROP DEFAULT;ALTER TABLE "Warns" ALTER COLUMN "moderatorId" TYPE VARCHAR(255); {}
[2025-07-17T14:20:34.478Z] LOG: Executing (default): ALTER TABLE "Warns" ALTER COLUMN "reason" DROP NOT NULL;ALTER TABLE "Warns" ALTER COLUMN "reason" SET DEFAULT 'Не указана';ALTER TABLE "Warns" ALTER COLUMN "reason" TYPE TEXT; {}
[2025-07-17T14:20:34.490Z] LOG: Executing (default): ALTER TABLE "Warns" ALTER COLUMN "guildId" SET NOT NULL;ALTER TABLE "Warns" ALTER COLUMN "guildId" DROP DEFAULT;ALTER TABLE "Warns" ALTER COLUMN "guildId" TYPE VARCHAR(255); {}
[2025-07-17T14:20:34.494Z] LOG: Executing (default): ALTER TABLE "Warns" ALTER COLUMN "createdAt" SET NOT NULL;ALTER TABLE "Warns" ALTER COLUMN "createdAt" DROP DEFAULT;ALTER TABLE "Warns" ALTER COLUMN "createdAt" TYPE TIMESTAMP WITH TIME ZONE; {}
[2025-07-17T14:20:34.503Z] LOG: Executing (default): SELECT i.relname AS name, ix.indisprimary AS primary, ix.indisunique AS unique, ix.indkey AS indkey, array_agg(a.attnum) as column_indexes, array_agg(a.attname) AS column_names, pg_get_indexdef(ix.indexrelid) AS definition FROM pg_class t, pg_class i, pg_index ix, pg_attribute a WHERE t.oid = ix.indrelid AND i.oid = ix.indexrelid AND a.attrelid = t.oid AND t.relkind = 'r' and t.relname = 'Warns' GROUP BY i.relname, ix.indexrelid, ix.indisprimary, ix.indisunique, ix.indkey ORDER BY i.relname; {}
[2025-07-17T14:20:34.574Z] LOG: Начинаю регистрацию команд... {}
[2025-07-17T14:21:06.148Z] LOG: Завершение работы бота... {}
[2025-07-18T06:19:15.922Z] LOG: Начинаю регистрацию команд... {}
[2025-07-18T06:19:16.528Z] LOG: Команды зарегистрированы для гильдии 1343586237868544052 {}
[2025-07-18T06:19:16.528Z] LOG: Успешно зарегистрировано 3 команд! {}
[2025-07-18T06:19:17.248Z] LOG: Executing (default): SELECT 1+1 AS result {}
[2025-07-18T06:19:17.262Z] LOG: Подключение к PostgreSQL успешно установлено {}
[2025-07-18T06:19:17.266Z] LOG: Executing (default): SELECT table_name FROM information_schema.tables WHERE table_schema = 'public' AND table_name = 'Warns' {}
[2025-07-18T06:19:17.360Z] LOG: Executing (default): SELECT pk.constraint_type as "Constraint",c.column_name as "Field", c.column_default as "Default",c.is_nullable as "Null", (CASE WHEN c.udt_name = 'hstore' THEN c.udt_name ELSE c.data_type END) || (CASE WHEN c.character_maximum_length IS NOT NULL THEN '(' || c.character_maximum_length || ')' ELSE '' END) as "Type", (SELECT array_agg(e.enumlabel) FROM pg_catalog.pg_type t JOIN pg_catalog.pg_enum e ON t.oid=e.enumtypid WHERE t.typname=c.udt_name) AS "special", (SELECT pgd.description FROM pg_catalog.pg_statio_all_tables AS st INNER JOIN pg_catalog.pg_description pgd on (pgd.objoid=st.relid) WHERE c.ordinal_position=pgd.objsubid AND c.table_name=st.relname) AS "Comment" FROM information_schema.columns c LEFT JOIN (SELECT tc.table_schema, tc.table_name, cu.column_name, tc.constraint_type FROM information_schema.TABLE_CONSTRAINTS tc JOIN information_schema.KEY_COLUMN_USAGE  cu ON tc.table_schema=cu.table_schema and tc.table_name=cu.table_name and tc.constraint_name=cu.constraint_name and tc.constraint_type='PRIMARY KEY') pk ON pk.table_schema=c.table_schema AND pk.table_name=c.table_name AND pk.column_name=c.column_name WHERE c.table_name = 'Warns' AND c.table_schema = 'public' {}
[2025-07-18T06:19:17.628Z] LOG: Executing (default): SELECT DISTINCT tc.constraint_name as constraint_name, tc.constraint_schema as constraint_schema, tc.constraint_catalog as constraint_catalog, tc.table_name as table_name,tc.table_schema as table_schema,tc.table_catalog as table_catalog,tc.initially_deferred as initially_deferred,tc.is_deferrable as is_deferrable,kcu.column_name as column_name,ccu.table_schema  AS referenced_table_schema,ccu.table_catalog  AS referenced_table_catalog,ccu.table_name  AS referenced_table_name,ccu.column_name AS referenced_column_name FROM information_schema.table_constraints AS tc JOIN information_schema.key_column_usage AS kcu ON tc.constraint_name = kcu.constraint_name JOIN information_schema.constraint_column_usage AS ccu ON ccu.constraint_name = tc.constraint_name WHERE constraint_type = 'FOREIGN KEY' AND tc.table_name = 'Warns' AND tc.table_catalog = 'lewisbot' {}
[2025-07-18T06:19:17.644Z] LOG: Executing (default): ALTER TABLE "Warns" ALTER COLUMN "userId" SET NOT NULL;ALTER TABLE "Warns" ALTER COLUMN "userId" DROP DEFAULT;ALTER TABLE "Warns" ALTER COLUMN "userId" TYPE VARCHAR(255); {}
[2025-07-18T06:19:17.693Z] LOG: Executing (default): ALTER TABLE "Warns" ALTER COLUMN "moderatorId" SET NOT NULL;ALTER TABLE "Warns" ALTER COLUMN "moderatorId" DROP DEFAULT;ALTER TABLE "Warns" ALTER COLUMN "moderatorId" TYPE VARCHAR(255); {}
[2025-07-18T06:19:17.699Z] LOG: Executing (default): ALTER TABLE "Warns" ALTER COLUMN "reason" DROP NOT NULL;ALTER TABLE "Warns" ALTER COLUMN "reason" SET DEFAULT 'Не указана';ALTER TABLE "Warns" ALTER COLUMN "reason" TYPE TEXT; {}
[2025-07-18T06:19:17.776Z] LOG: Executing (default): ALTER TABLE "Warns" ALTER COLUMN "guildId" SET NOT NULL;ALTER TABLE "Warns" ALTER COLUMN "guildId" DROP DEFAULT;ALTER TABLE "Warns" ALTER COLUMN "guildId" TYPE VARCHAR(255); {}
[2025-07-18T06:19:17.779Z] LOG: Executing (default): ALTER TABLE "Warns" ALTER COLUMN "createdAt" SET NOT NULL;ALTER TABLE "Warns" ALTER COLUMN "createdAt" DROP DEFAULT;ALTER TABLE "Warns" ALTER COLUMN "createdAt" TYPE TIMESTAMP WITH TIME ZONE; {}
[2025-07-18T06:19:17.781Z] LOG: Executing (default): SELECT i.relname AS name, ix.indisprimary AS primary, ix.indisunique AS unique, ix.indkey AS indkey, array_agg(a.attnum) as column_indexes, array_agg(a.attname) AS column_names, pg_get_indexdef(ix.indexrelid) AS definition FROM pg_class t, pg_class i, pg_index ix, pg_attribute a WHERE t.oid = ix.indrelid AND i.oid = ix.indexrelid AND a.attrelid = t.oid AND t.relkind = 'r' and t.relname = 'Warns' GROUP BY i.relname, ix.indexrelid, ix.indisprimary, ix.indisunique, ix.indkey ORDER BY i.relname; {}
[2025-07-18T06:19:19.005Z] LOG: Начинаю регистрацию команд... {}
[2025-07-18T06:19:19.285Z] LOG: Команды зарегистрированы для гильдии 1343586237868544052 {}
[2025-07-18T06:19:19.286Z] LOG: Успешно зарегистрировано 3 команд! {}
[2025-07-18T06:19:22.685Z] LOG: Бот и веб-сервер успешно запущены {}
[2025-07-18T07:46:11.742Z] LOG: Завершение работы бота... {}
[2025-07-18T07:46:11.800Z] LOG: Веб-сервер завершился с кодом 0 {}
[2025-07-18T07:46:24.365Z] LOG: Начинаю регистрацию команд... {}
[2025-07-18T07:46:24.920Z] LOG: Команды зарегистрированы для гильдии 1343586237868544052 {}
[2025-07-18T07:46:24.921Z] LOG: Успешно зарегистрировано 3 команд! {}
[2025-07-18T07:46:25.622Z] LOG: Executing (default): SELECT 1+1 AS result {}
[2025-07-18T07:46:25.624Z] LOG: Подключение к PostgreSQL успешно установлено {}
[2025-07-18T07:46:25.627Z] LOG: Executing (default): SELECT table_name FROM information_schema.tables WHERE table_schema = 'public' AND table_name = 'Warns' {}
[2025-07-18T07:46:25.693Z] LOG: Executing (default): SELECT pk.constraint_type as "Constraint",c.column_name as "Field", c.column_default as "Default",c.is_nullable as "Null", (CASE WHEN c.udt_name = 'hstore' THEN c.udt_name ELSE c.data_type END) || (CASE WHEN c.character_maximum_length IS NOT NULL THEN '(' || c.character_maximum_length || ')' ELSE '' END) as "Type", (SELECT array_agg(e.enumlabel) FROM pg_catalog.pg_type t JOIN pg_catalog.pg_enum e ON t.oid=e.enumtypid WHERE t.typname=c.udt_name) AS "special", (SELECT pgd.description FROM pg_catalog.pg_statio_all_tables AS st INNER JOIN pg_catalog.pg_description pgd on (pgd.objoid=st.relid) WHERE c.ordinal_position=pgd.objsubid AND c.table_name=st.relname) AS "Comment" FROM information_schema.columns c LEFT JOIN (SELECT tc.table_schema, tc.table_name, cu.column_name, tc.constraint_type FROM information_schema.TABLE_CONSTRAINTS tc JOIN information_schema.KEY_COLUMN_USAGE  cu ON tc.table_schema=cu.table_schema and tc.table_name=cu.table_name and tc.constraint_name=cu.constraint_name and tc.constraint_type='PRIMARY KEY') pk ON pk.table_schema=c.table_schema AND pk.table_name=c.table_name AND pk.column_name=c.column_name WHERE c.table_name = 'Warns' AND c.table_schema = 'public' {}
[2025-07-18T07:46:25.910Z] LOG: Executing (default): SELECT DISTINCT tc.constraint_name as constraint_name, tc.constraint_schema as constraint_schema, tc.constraint_catalog as constraint_catalog, tc.table_name as table_name,tc.table_schema as table_schema,tc.table_catalog as table_catalog,tc.initially_deferred as initially_deferred,tc.is_deferrable as is_deferrable,kcu.column_name as column_name,ccu.table_schema  AS referenced_table_schema,ccu.table_catalog  AS referenced_table_catalog,ccu.table_name  AS referenced_table_name,ccu.column_name AS referenced_column_name FROM information_schema.table_constraints AS tc JOIN information_schema.key_column_usage AS kcu ON tc.constraint_name = kcu.constraint_name JOIN information_schema.constraint_column_usage AS ccu ON ccu.constraint_name = tc.constraint_name WHERE constraint_type = 'FOREIGN KEY' AND tc.table_name = 'Warns' AND tc.table_catalog = 'lewisbot' {}
[2025-07-18T07:46:25.925Z] LOG: Executing (default): ALTER TABLE "Warns" ALTER COLUMN "userId" SET NOT NULL;ALTER TABLE "Warns" ALTER COLUMN "userId" DROP DEFAULT;ALTER TABLE "Warns" ALTER COLUMN "userId" TYPE VARCHAR(255); {}
[2025-07-18T07:46:25.957Z] LOG: Executing (default): ALTER TABLE "Warns" ALTER COLUMN "moderatorId" SET NOT NULL;ALTER TABLE "Warns" ALTER COLUMN "moderatorId" DROP DEFAULT;ALTER TABLE "Warns" ALTER COLUMN "moderatorId" TYPE VARCHAR(255); {}
[2025-07-18T07:46:25.960Z] LOG: Executing (default): ALTER TABLE "Warns" ALTER COLUMN "reason" DROP NOT NULL;ALTER TABLE "Warns" ALTER COLUMN "reason" SET DEFAULT 'Не указана';ALTER TABLE "Warns" ALTER COLUMN "reason" TYPE TEXT; {}
[2025-07-18T07:46:25.985Z] LOG: Executing (default): ALTER TABLE "Warns" ALTER COLUMN "guildId" SET NOT NULL;ALTER TABLE "Warns" ALTER COLUMN "guildId" DROP DEFAULT;ALTER TABLE "Warns" ALTER COLUMN "guildId" TYPE VARCHAR(255); {}
[2025-07-18T07:46:26.004Z] LOG: Executing (default): ALTER TABLE "Warns" ALTER COLUMN "createdAt" SET NOT NULL;ALTER TABLE "Warns" ALTER COLUMN "createdAt" DROP DEFAULT;ALTER TABLE "Warns" ALTER COLUMN "createdAt" TYPE TIMESTAMP WITH TIME ZONE; {}
[2025-07-18T07:46:26.014Z] LOG: Executing (default): SELECT i.relname AS name, ix.indisprimary AS primary, ix.indisunique AS unique, ix.indkey AS indkey, array_agg(a.attnum) as column_indexes, array_agg(a.attname) AS column_names, pg_get_indexdef(ix.indexrelid) AS definition FROM pg_class t, pg_class i, pg_index ix, pg_attribute a WHERE t.oid = ix.indrelid AND i.oid = ix.indexrelid AND a.attrelid = t.oid AND t.relkind = 'r' and t.relname = 'Warns' GROUP BY i.relname, ix.indexrelid, ix.indisprimary, ix.indisunique, ix.indkey ORDER BY i.relname; {}
[2025-07-18T07:46:26.128Z] LOG: Начинаю регистрацию команд... {}
[2025-07-18T07:46:26.378Z] LOG: Команды зарегистрированы для гильдии 1343586237868544052 {}
[2025-07-18T07:46:26.378Z] LOG: Успешно зарегистрировано 3 команд! {}
